citation_id,interpretation_id,source_id,"sequence_identifier","passage"
citation_aberdeen_1,int_phoenix_aberdeen,source_aberdeen_bestiary,"""Folio 55r""","""The phoenix is a bird of Arabia, so called either because its colouring is Phoenician purple, or because there is only one of its kind in the whole world. It lives for upwards of five hundred years, and when it observes that it has grown old, it erects a funeral pyre for itself from small branches of aromatic plants, and having turned to face the rays of the sun, beating its wings, it deliberately fans the flames for itself and is consumed in the fire. But on the ninth day after that, the bird rises from its own ashes."""
citation_aberdeen_2,int_lion_aberdeen_1,source_aberdeen_bestiary,"""Folio 7v-8r""","""There are said to be three kinds. Of these, the ones which are short in stature, with curly manes, are peaceable; the tall ones, with straight hair, are fierce. Their brow and tail show their mettle; their courage is in their breast, their resolution in their head. They fear the rumbling sound of wheels, but are even more frightened by fire. The lion takes pride in the strength of its nature; it does not know how to join in the ferocity of other kinds of wild beasts, but like a king disdains the company of large numbers. Those who study nature say that the lion has three main characteristics. The first is that it loves to roam amid mountain peaks. If it happens that the lion is pursued by hunters, it picks up their scent and obliterates the traces behind it with its tail. [...] The second characteristic of the lion is that when it sleeps, it seems to have its eyes open. [...] The third characteristic of the lion is that when a lioness gives birth to her cubs, she produces them dead and watches over them for three days, until their father comes on the third day and breathes into their faces and restores them to life. [...] Where men are concerned, it is the nature of lions not to grow angry unless they are harmed. An example which thoughtful men should heed; for men grow angry even when they have not been harmed, and they oppress the innocent, although Christian law bids them set even the guilty free. The compassion of lions is apparent from endless examples. They spare those whom they have brought down. They allow captives whom they encounter to return home. They vent their rage on men rather than women. They do not kill children except in time of great hunger. Equally, lions refrain from over-feeding. First, because they drink and feed on alternate days; and often, if their food remains undigested, they postpone the next feed. Then, because they feel uncomfortable when they have devoured more meat than they should, they insert their paws in their mouth and pull the food out, of their own accord. And when they have to take flight, they do exactly the same thing if they are full. Missing teeth show that a lion is old. Lions mate face to face; and not only lions, but lynxes, and camels, and elephants, and rhinoceroses, and tigers."""
citation_aberdeen_3,int_eagle_aberdeen,source_aberdeen_bestiary,"""Folio 61r""","""The eagle is so called because of the sharpness of its eyes, for it is said to be of such keen vision that it glides above the sea on unmoving wings, out of human sight, yet from such a height sees small fish swimmming below and, swooping down like a missile thrown from a siege engine, it seizes its prey on the wing and carries it to land. When the eagle grows old, however, its wings grow heavy, and its eyes grow dim. Then it seeks out a spring and, turning away from it, flies up into the atmosphere of the sun; there it sets its wings alight and, likewise, burns off the dimness in its eyes in the sun's rays. Descending at length, it immerses itself in the spring three times; immediately it is restored to the full strength of its wings, the former brightness of its eyes."""
citation_aberdeen_4,int_snake_aberdeen,source_aberdeen_bestiary,"""Folio 71r-72r""","""The snake has three characteristics. The first of these is that when it grows old, its eyes grow dim; if it wants to regain its youth, it fasts for many days until its skin grows loose; then it seeks out a narrow crack in a rock, enters it, and scrapes through, sloughing off its old skin. [...] The snake's second characteristic is this: when it comes to a river to drink water, it does not bring its venom with it, but discharges it into a pit. [...] All snakes suffer from poor sight; they can rarely see what is in front of them. This is not without reason, since their eyes are not at the front but in the temples of the head, so that they hear better than they see. No creature moves its tongue as swiftly as the snake, to such an extent that it seems to have a triple tongue, when in fact there is only one. The bodies of snakes are moist, so that wherever they go, they mark their path with moisture. The tracks of snakes are such that, since they seem to lack feet, they crawl using their flanks and the pressure of their scales, which are laid out in the same pattern from the throat to the lowest part of the belly. For they support themselves on their scales as if on claws, and on their flanks as if on legs. As a result, if a snake is struck on any part of the body, from the belly to the head, it is disabled and cannot get away quickly, because where the blow falls, it dislocates the spine, through which the foot-like movement of the flanks and the motion of the body are activated. Snakes are said to live for a long time, to such an extent that it also claimed that when they shed their old skins, they shed their old age and regain their youth. The snake's skin is called exuvie, because they shed it, exuere, when they grow old."""
citation_aberdeen_5,int_unicorn_aberdeen,source_aberdeen_bestiary,"""Folio 15r""","""The monoceros is a monster the body of a horse, the feet of an elephant and a tail very like that of a deer. A magnificent, marvellous horn projects from the middle of its forehead, four feet in length, so sharp that whatever it strikes is easily pierced with the blow. No living monoceros has ever come into man's hands, and while it can be killed, it cannot be captured."""
citation_aldrovandi_1,int_satyr_aldrovandi,source_monstrorum_historia_aldrovandi,"""Capitolo 2: Diversità nella specie umana""","""Satyrs, Tritons, Nymphs, Nereids, and Sirens are also deservedly placed by many in the category of wild men."""
citation_aldrovandi_10,int_anomaly_aldrovandi_2,source_monstrorum_historia_aldrovandi,"""Capitolo 5: Anomalie delle singole parti del corpo""","""Ora, qualcuno sosterrà che il motivo per cui talvolta, da genitori normali, nasce un bambino mutilo è che, nell'utero, il feto perde quella parte del corpo a causa di qualche malattia. Ma ciò non è condivisibile, dal momento che la testa è la parte principale, e se essa viene compromessa o perduta, il feto perisce nell'utero. Né bisogna ricorrere, per spiegare la generazione di un simile mostro, alla suggestione, poiché la forza della suggestione, per quanto intensa, non può eliminare una porzione della materia esistente nell'u-tero. Per questo motivo si dovrà concludere che, per qualche ragione, la materia destinata alla formazione della testa può venire dispersa e deviata verso il petto. E poiché la materia seminale conserva sempre la facoltà di generare quella determinata parte, cui in origine era destinata, ecco che i lineamenti del volto possono apparire sul petto."""
citation_aldrovandi_11,int_anomaly_aldrovandi_3,source_monstrorum_historia_aldrovandi,"""Capitolo 5: Anomalie delle singole parti del corpo""","""Nell'opera di Ambroise Paré è riportata l'effigie di una fanciulla a due teste, la quale era molto bella e ben formata in tutte le membra, ma aveva due teste, entrambe le quali avevano la medesima necessità di bere, mangiare, dormire e parlare. Questo mostro elemosinava di che vivere andando di porta in porta, tuttavia fu infine allontanato dalla Baviera su ordine dei governanti, poiché temevano che le donne incinte, vedendo frequentemente il mostro, trasmettessero quella stessa deformità ai propri figli."""
citation_aldrovandi_2,int_hermaphrodite_aldrovandi,source_monstrorum_historia_aldrovandi,"""Capitolo 2: Diversità nella specie umana""","""At the end of this category, we place those distinguished by being composed of both sexes, which includes Androgynes, or Hermaphrodites."""
citation_aldrovandi_3,int_mandrake_aldrovandi,source_monstrorum_historia_aldrovandi,,"""Furthermore, there is a certain plant among the Greeks called andreikelos, which is similar to a man – the name being formed by syncope and the change of a smooth breathing to a rough one. This plant seems to correspond with the Mandrake, which reflects the basic outlines of the human figure in its root; this is why Columella called the Mandrake 'half-human,' writing: 'Though the mandrake, sown with frantic grass, produces flowers of the half-human, and the mournful Hemlock.' This same plant was called anthropomorphos by Pythagoras, as it reflects the form of a man. We might also pass over other plants representing the human figure, such as certain species of Satyrium orchids, one of which has a flower that beautifully mimics the human shape; for this reason, it is known to the Greeks as anthropozoos, as if the plant bears the image of a living human in its bloom."""
citation_aldrovandi_4,int_anomaly_aldrovandi_1,source_monstrorum_historia_aldrovandi,"""Capitolo 2: Diversità nella specie umana""","""[...] ella portava infatti al proprio seguito una fanciulla di otto anni coperta di peli. [...] Il viso della fanciulla, come anche la fronte, era coperto di peli, a parte il naso e il contorno delle labbra. I peli della fronte erano più lunghi e ispidi rispetto a quelli che coprivano le guance, che erano più morbidi al tatto; il resto del corpo, e soprattutto il dorso, era coperto di peli ispidi, e brulicava di peli biondi fino al principio dei lombi. Mentre le altre parti erano intatte, la gola, il petto, le mani, e le braccia erano stati rasati e somigliavano alla pelle degli uccelli che non hanno ancora messo le piume."""""
citation_aldrovandi_5,int_mostro_aldrovandi_1,source_monstrorum_historia_aldrovandi,"""Capitolo 3: Il mostro in generale""","""Inoltre, se spaziamo nel vasto campo del tempo passato, troveremo mostri ancor più orrendi. Infatti nell'anno del Signore 1512 nacque a Ravenna un mostro che aveva un corno sulla testa, ed era dotato di entrambi i sessi; le altre parti erano umane, come si può vedere nella relativa figura. E questo mostro venne alla luce al tempo in cui il pontefice Giulio II aizzò l'Italia intera e gran parte della cristianità contro il re di Francia Luigi XII: perciò in seguito, la domenica di Pasqua, a Ravenna infuriò una tremenda battaglia. Ma altri, dall'aspetto di questo mostro, trassero il vaticinio che in quell'epoca non sarebbero mancati gli svariati e deleteri vizi degli uomini: associarono infatti il corno del mostro alla superbia, le ali alla frivolezza e incostanza dello spirito, la mancanza di braccia alla mancanza di opere giuste, la zampa di uccello rapace alla rapina, all'usura e all'avarizia, il ginocchio munito di occhio alla propensione degli uominbi verso le sole cose mondane, e la compresenza di entrambi i sessi a ogni specie di oscena lussuria."""
citation_aldrovandi_6,int_mostro_aldrovandi_2,source_monstrorum_historia_aldrovandi,"""Capitolo 3: Il mostro in generale""","""Per rafforzare ancor di più la tesi di coloro che pongono più mostri in acqua che sulla terra, aggiungiamo l'immagine di un mostro marino, riportato dal Paré, con testa, criniera e petto di cavallo il resto del corpo di pesce. Il Gessner riferisce che questa creatura, presa nell'oceano, fu portata a Roma e mostrata al sommo pontefice. Sia perciò resa giustizia a coloro che, negli antichi racconti, parlarono con grande libertà di cavalli marini, dipingendoli con forme in parte equine [...]. Al riguardo, molti hanno affermato che fu l'ambizione dei Romani a dare spunto alla figura di questo cavallo: dal momento che essi dimostrarono a tutti la loro preminenza sulla terra e sul mare, pensarono di dipingere uniti insieme due animali, uno per ciascun elemento, cioè il cavallo e il delfino. In seguito molti, sbalorditi da tale figura, e convinti che un simile mostro esistesse sotto forma di un'unica creatura, lo chiamarono cavallo marino. Ma, dato che l'immagine qui proposta trova un certo riscontro nella realtà, non dobbiamo più farci prendere dallo stupore."""
citation_aldrovandi_7,int_mostro_aldrovandi_3,source_monstrorum_historia_aldrovandi,"""Capitolo 3: il mostro in generale""","""Quali siano i nomi, la natura, il comportamento e l'alimentazione di questo animale, è stato ampiamente discusso nello studio sui quadrupedi digitati. Rimane solo da aggiungere quanto dice in proposito il Paré, e da proporre un'immagine da poter osservare, che non era ancora disponibile al tempo del precedente volume. Ebbene, il Paré afferma che questo animale viene chiamato haut, ha le dimensioni di un cercopiteco, ma la testa e il volto somigliano a quelli di un bambino. Quando viene catturato si lamenta e tira fuori dal petto profondi sospiri, come un uomo ansioso e sofferente. Le sue zampe sono munite di tre artigli; scala gli alberi e trascorre lassù più tempo che a terra. Cammina così lentamente che, nell'atto di allungare le zampe, tocca quasi il suolo con il ventre. In quindici giorni non copre la distanza di un tiro di pietra; una volta che è salito su un albero, vi trascorre due giorni, e non accelera i movimenti neanche quando è minacciato o in pericolo."""
citation_aldrovandi_8,int_mostro_aldrovandi_4,source_monstrorum_historia_aldrovandi,"""Capitolo 3: il mostro in generale""","""Possiamo avvalorare ancora la tesi in discorso aggiungendo l'immagine di un mostro acquatico più repellente, ricordato dal Gessner, il quale attribuisce questo ritratto da lui ricevuto a un disegnatore che lo aveva visto dal vivo ad Anversa. La testa del mostro aveva un aspetto selvaggio, munita com'era di due corna e di orecchie assai sporgenti. Le braccia invece non erano dissimili da quelle umane; il resto del corpo somigliava a quello di un pesce. Fu catturato nel mare della regione illirica, quando era emerso dall'acqua per rapire un bambino che si trovava sulla spiaggia. Alcuni pescatori, assistendo alla scena, colpirono il mostro con pietre; esso tentò di fuggire, ma essendo ferito a morte spirò poco dopo riverso sulla spiaggia, dalla quale aveva cercato di allontanarsi. Nell'immagine vengono quindi offerti all'osservazione i tratti di tale mostro."""
citation_aldrovandi_9,int_mostro_aldrovandi_5,source_monstrorum_historia_aldrovandi,"""Capitolo 5: Anomalie delle singole parti del corpo""","""Not long after, a six-legged female cat was born, colored partly white and partly dark gray; four feet supported the cat's hindquarters and only two the front. We provide the likeness of this monstrous cat, together with ""cat-joy"" - that is, bugloss."""""
citation_andersen_1,int_siren_andersen,source_andersen,,"""They were six beautiful children; but the youngest was the prettiest of them all; her skin was as clear and delicate as a rose-leaf, and her eyes as blue as the deepest sea; but, like all the others, she had no feet, and her body ended in a fish's tail.'"""
citation_anonymous,int_siren_anonymous,source_liber_monstrorum,,"""Le Sirene sono fanciulle marine che seducono i marinai con la bellezza del corpo e la dolcezza del canto. Dalla testa fino all’ombelico hanno aspetto di vergine, del tutto simili a creature umane. Hanno però code squamose di pesce, che nascondono sempre sott’acqua."""
citation_apollodorus_1,int_sphinx_apollodoro,source_mito_edipo,"""Section 3, lines 52-54""","""Era infatti inviò la Sfinge, che era (nata) dalla madre Echidna e dal padre Tifone, ed aveva volto di donna, ma petto e parte inferiore del corpo e coda di leone e ali di uccello. Ed avendo appreso un indovinello dalle Muse stava seduta sul monte Ficio e lo proponeva ai Tebani. E l'indovinello era: cos'è che, (pur) avendo una sola voce, diventa quadrupede e bipede e tripede? Ed essendoci per i Tebani un oracolo (secondo cui) allora si sarebbero liberati della Sfinge, quando avessero risolto l'indovinello, radunandosi molte volte insieme cercavano che cosa fosse ciò che veniva detto, ma poiché non trovavano, afferrando uno lo divorava. Ed essendo morti molti, e alla fine Emone, il figlio di Creonte, Creonte promette con un bando di dare sia il regno sia la moglie di Laio a colui che avesse risolto l'indovinello."""
citation_apollodorus_2,int_giant_apollodorus,source_biblioteca,"""Book I""","""But Earth, vexed on account of the Titans, brought forth the giants, whom she had by Sky. These were matchless in the bulk of their bodies and invincible in their might; terrible of aspect did they appear, with long locks drooping from their head and chin, and with the scales of dragons for feet. They were born, as some say, in Phlegrae, but according to others in Pallene. And they darted rocks and burning oaks at the sky."""
citation_apollodorus_3,int_medusa_apollodoro,source_biblioteca,"""Book II, capo IV""","""Ed ottenuto da Mercurio una falce d’adamante, volò all’ Oceano, ove vide le Gorgoni dormienti. Una d’esse avea nome Steno, Euriala la seconda, la terza Medusa; e questa sola dicesi che fosse mortale. Era essa quella, la cui testa Perseo era stato mandato a prendere. Le teste delle Gorgoni erano tutte piene di squamose serpi attorcigliate; ed aveano in bocca denti grandi quanto quelli de’ cinghiali: poi di bronzo erano le loro mani, ed aveano ali d’oro colle quali volavano: di più chiunque esse guardassero, lo trasmutavano in sasso. Assalitele Perseo così immerse com'erano nel sonno, direttone il braccio suo da Minerva, e tenendo gli occhi fissi nello scudo di bronzo per cui vedea l'immagine della Gorgona, tagliò la testa a Medusa: il che fatto, Pegaso, cavallo alato, balzò fuori all’istante, e nel tempo stesso Criasore padre di Gerione, di cui per opera di Nettuno essa era gravida."""
citation_apollodorus_4,int_lion_apollodorus,source_biblioteca,"""Book II, chapter 5""","""Come primo compito gli fu imposto di riportare la pelle del Leone Nemeo, una belva invulnerabile, nata da Tifone. E dunque Eracle partì per affrontare il leone e giunse a Cleone, dove fu ospitato da un bracciante, Molorco. Questi stava per offrire in quel giorno una vittima in sacrificio, ma Eracle gli disse di aspettare trenta giorni: se fosse tornato sano e salvo dalla caccia, avrebbe sacrificato a Zeus Salvatore, e se invece fosse morto, Molorco avrebbe dovuto offrire il sacrificio a Eracle stesso, come eroe. Arrivato a Nemea, Eracle seguì le tracce del leone e cominciò a colpirlo con le sue frecce; ma capì subito che era invulnerabile: così si mise in spalla la clava, e gli andò dietro. Il leone si rifugiò in una grotta con due ingressi: Eracle ne chiuse uno ed entrò dall'altro, si avvicinò alla bestia, la prese al collo e la immobilizzò, e le strinse la gola fino a che morì soffocata - poi si mise il leone in spalla e tornò a Cleone. Qui incontrò Molorco che ormai, essendo l'ultimo giorno, stava per compiere il sacrificio in onore di Eracle morto: così, insieme a lui, sacrificò invece a Zeus Salvatore, e poi portò il leone a Micene. Euristeo, atterrito dalla forza dell'eroe, gli vietò per il futuro l'ingresso in città: i risultati delle sue imprese avrebbero dovuto essere esposti davanti alle porte."""
citation_ariosto_1,int_hippogriff_ariosto,source_orlando_furioso,"""Canto IV, paragraph 18""","""Non è finto il destrier, ma naturale, / ch’una giumenta generò d’un grifo: / simile al padre avea la piuma e l’ale, / li piedi anteriori, il capo e il grifo; / in tutte l’altre membra parea quale / era la madre, e chiamasi ippogrifo; / che nei monti Rifei vengon, ma rari, / molto di lá dagli aghiacciati mari."""
citation_ariosto_2,int_ogre_ariosto,source_orlando_furioso,"""Canto XVII, paragraph 38""","""L’Orco da noi s’aspetta, ad ogni suono di sentirlo parci, ch’affamato ritorni a divorarci."""
citation_barbie_1,int_pegaso_barbie,source_barbie,,"""A measure of courage is not based on what you look like on the outside, but what you are willing to fight for."""
citation_beowulf_1,int_dragon_beowulf,source_beowulf,"""Chapter XXXIII""","""Then the ancient dusk-scather / The fire-dragon. Found the great treasure standing all open, / He who flaming and fiery flies to the barrows, / Naked war-dragon, nightly escapeth / Encompassed with fire ; men under heaven / Widely beheld him. 'Tis said that he looks for / The hoard in the earth, where old he is guarding / The heathenish treasure ; he'll be nowise the better."""
citation_bible_1,int_giant_bible,source_bible,"""Genesi 6:4, verse 4""","""In quel tempo c'erano sulla terra i giganti, e ci furono anche in seguito, quando i figli di Dio si unirono alle figlie degli uomini, ed ebbero da loro dei figli. Questi sono gli uomini potenti che, fin dai tempi antichi, sono stati famosi."""
citation_bierce_1,int_hippogriff_bierce,source_devil_dictionary,"""Chapter H""","""An animal (now extinct) which was half horse and half griffin. The griffin was itself a compound creature, half lion and half eagle. The hippogriff was actually, therefore, a one-quarter eagle, which is two dollars and fifty cents in gold. The study of zoology is full of surprises."""
citation_book_of_invation_1,int_fairy_celtic,source_book_of_invations,,"""Under obscurity,  a people without a covenant of religion; whelps of the wood that has not withered."""
citation_cantimpre_1,int_unicorn_cantimpre,source_liber_de_natura_rerum,,"""The unicorn is indeed a small animal, as Isidore says, according to the strength of the body. He also has short legs for his size. Its horn is very sharp, so that it cannot be captured by force by any hunter./A virgin girl is taken to the forest and left alone. When the unicorn arrives, putting aside all its ferocity, it respects the chastity of the virgin's body and places its head in the girl's bosom."""
citation_cantimpre_2,int_pegaso_cantimpre,source_liber_de_natura_rerum,,"""The pegasus, as Pliny says, is a large and fearsome animal in Ethiopia. It has the body of a horse, wings like an eagle, but much larger, the head is equipped with horns and it is truly monstrous, such that almost all /  They devour many foods, they are moved by restlessness, they are unsafe for animals, and the most unsafe for humankind."""
citation_cantimpre_3,int_bull_cantimpre,source_liber_de_natura_rerum,"""Chapter 4: Animals (quadrupeds)""","""The bull is an animal robust in strength, and among all social animals tame enough to surpass those who oppose the rest with rapacity. Several together fight most bitterly, but when alone, it easily succumbs to cowardice. When they are taken, they have their tongues stuck out, they do nothing with their teeth, but only with their horns: for there is no terror in their teeth. When they graze on the grass, they do not injure the roots, but only take what is visible on the surface. Bulls are gentler, and are made suitable for all work, and especially for the hills, if they are kept from lust by being castrated. And the older they are, the more tender their flesh, if they have been fattened."""
citation_cantimpre_4,int_goat_cantimpre,source_liber_de_natura_rerum,"""Chapter 4: Animals (quadrupeds)""","""The goat is a bearded animal, with long and sharp horns, it grazes in the valley, in the mountains and in the branches of trees, which it can reach with its mouth. It has an abundance of milk, and its milk is the healthiest, but immediately, when it will have curdled, it spoils; for cheese having been made from it (the milk) is nearly useful for nothing. The he-goat of the woodlands is a very perceptive animal, it loves high mountains, it recognizes walking people placed far off, if they be travelers or hunters."""
citation_cantimpre_5,int_scorpion_cantimpre,source_liber_de_natura_rerum,"""Chapter 8: Serpents""","""A scorpion is a serpent, which is said to have a charming and virgin-like face. But it certainly has a poisonous sting in its knotted tail, with which it stings and infects any that approach it. But it strikes once with a slanted blow and once with a bent tail; and it never ceases to look for opportunities to strike. Those infected with its poison die a protracted death over three days. It is said that some have two stings, and that the males are very savage to each other. But the males are distinguished by their thinness and length. Apollodorus clearly says that there are some that can fly. The people of Psilli, by regurgitating poisons from the limbs of men, filled Italy with foreign evils. Hence they tried to bring these also into Italy, but they could not live in the country. They are, however, sometimes seen in Italy, but most of them are harmless. For a man who has been stung by a scorpion, the remedy is thought to be the drinking of the ashes of them in wine. [...] The scorpion is the only insect that has a tail, and arms, and a spike in the tail. Scorpions lay eggs in spring and likewise in autumn. The scorpion, as Aristotle says, has two stings. The scorpion lives in the earth."""
citation_chaucer_1,int_fairy_chaucer,source_canterbury_tales,"""Tale: The Wife of Bath's Tale""","""All was this land fulfild of fayerye. The elf-queene, with hir joly compaignye, Daunced ful ofte in many a grene mede."""
citation_chretien_1,int_ogre_chretien,source_percival,,"""To all the realms of Logres, which was formerly land of ogres, and destroy them with that lance."""
citation_claudio_1,int_phoenix_claudio,source_claudio_phoenix,"""Book II, verses 17–22""","""A mysterious fire flashes from its eye, and a flaming aureole enriches its head. Its crest shines with the sun's own light and shatters the darkness with its calm brilliance. Its legs are of Tyrian purple; swifter than those of the Zephyrs are its wings of flower-like blue dappled with rich gold."""
citation_ctesias_1,int_unicorn_ctesias,source_indika,,"""There are in India certain wild asses which are as large as horses, and larger. Their bodies are white, their heads dark red, and their eyes dark blue. They have a horn on the forehead which is about a foot and a half in length. The dust filed from this horn is administered in a potion as a protection against deadly drugs."""
citation_dante_inferno_1,int_minotaur_dante,source_dante_inferno,"""Canto XII, verses 11-14""","""e ’n su la punta de la rotta lacca / l’infamia di Creti era distesa / che fu concetta ne la falsa vacca; / e quando vide noi, sé stesso morse, / sì come quei cui l’ira dentro fiacca."""
citation_dante_inferno_2,int_phoenix_dante,source_dante_inferno,"""Canto XXIV, verses 106-111""","""Così per li gran savi si confessa / che la fenice more e poi rinasce, / quando al cinquecentesimo anno appressa; / erba né biado in sua vita non pasce, / ma sol d’incenso lagrime e d’amomo, / e nardo e mirra son l’ultime fasce."""
citation_dante_inferno_3,int_medusa_dante,source_dante_inferno,"""Canto IX, verses 52-57""","""Vegna Medusa: sì ’l farem di smalto', / dicevan tutte riguardando in giuso; / 'mal non vengiammo in Tesëo l’assalto'. / 'Volgiti ’n dietro e tien lo viso chiuso; / ché se ’l Gorgón si mostra e tu ’l vedessi, / nulla sarebbe di tornar mai suso'."""
citation_dante_inferno_4,int_lion_dante,source_dante_inferno,"""Canto I, verses 37-48""","""Temp’era dal principio del mattino, / e ’l sol montava ’n su con quelle stelle / ch’eran con lui quando l’amor divino / mosse di prima quelle cose belle; / sì ch’a bene sperar m’era cagione / di quella fiera a la gaetta pelle / l’ora del tempo e la dolce stagione; / ma non sì che paura non mi desse / la vista che m’apparve d’un leone. / Questi parea che contra me venisse / con la test’alta e con rabbiosa fame, / sì che parea che l’aere ne tremesse."""
citation_dante_inferno_5,int_snake_dante,source_dante_inferno,"""Canto XXV, verses 79-93""","""Come 'l ramarro sotto la gran fersa / dei dì canicular, cangiando sepe, / folgore par se la via attraversa, / sì pareva, venendo verso l’epe / de li altri due, un serpentello acceso, / livido e nero come gran di pepe; / e quella parte onde prima è preso / nostro alimento, a l’un di lor trafisse; / poi cadde giuso innanzi lui disteso. / Lo trafitto ’l mirò, ma nulla disse; / anzi, co’ piè fermati, sbadigliava / pur come sonno o febbre l’assalisse. / Elli ’l serpente e quei lui riguardava; / l’un per la piaga e l’altro per la bocca / fummavan forte, e ’l fummo si scontrava."""
citation_dante_inferno_6,int_centaur_dante2,source_dante_inferno,"""Canto XII, verses 67-69""","""Poi mi tentò, e disse: «Quelli è Nesso, / che morì per la bella Deianira / e fé di sé la vendetta elli stesso.'"""
citation_dante_inferno_7,int_centaur_dante,source_dante_inferno,"""Canto XII, verses 70-71""","""E quel di mezzo, ch’al petto si mira, / è il gran Chirón, il qual nodrì Achille'"""
citation_dante_paradiso_1,int_eagle_dante,source_dante_paradiso,"""Canto XIX, verses 1-12""","""Parea dinanzi a me con l’ali aperte / la bella image che nel dolce frui / liete facevan l’anime conserte; / parea ciascuna rubinetto in cui / raggio di sole ardesse sì acceso, / che ne’ miei occhi rifrangesse lui. / E quel che mi convien ritrar testeso, / non portò voce mai, né scrisse incostro, / né fu per fantasia già mai compreso; / ch’io vidi e anche udi’ parlar lo rostro, / e sonar ne la voce e «io» e «mio», / quand’ era nel concetto e ’noi’ e ’nostro’."""
citation_ende_1,int_sphinx_ende,source_unendliche_geschichte,"""Chapter 6""","""And beside this pillar, as Atreyu now saw, an enormous sphinx was sitting motionless in the moonlight. The forepaws, on which she was propped, were those of a lion, the hindquarters were those of a bull; on her back she bore the wings of an eagle, and her face was that of a human woman - in form at any rate, for the expression was far from human. I was hard to tell whether this face was smiling or whether it expressed deep grief or utter indifference. After looking at it for some time, Atreyu seemed to see abysmal wickedness and cruelty, but a moment later he had to correct his impression, for he found only unruffled calm. [...] Then the right-hand pillar came into Atreyu's view. And there, in the same posture, sat a second sphinx. The enormous body shimmered like liquid silver in the moonlight. She seemed to be staring fixedly at the first, just as the first was gazing fixedly at her."""
citation_ende_2,int_dragon_ende,source_unendliche_geschichte,"""Chapter 4""","""Luckdragons are among the strangest animals in Fantastica. They bear no resemblance to ordinary dragons, which look like loathsome snakes and live in deep caves, diffusing a noxious stench and guarding some real or imaginary treasure. [...] Luckdragons are creatures of air, warmth, and pure joy. Despite their great size, they are as light as a summer cloud, and consequently need no wings for flying. They swim in the air of heaven as fish swim in water. Seen from the earth, they look like slow lightning flashes. The most amazing thing about them is their song. Their voice sounds like the golden note of a large bell, and when they speak softly the bell seems to be ringing in the distance. Anyone who has heard this sound will remember it as long as he lives and tell his grandchildren about it. But the luckdragon Atreyu saw could hardly have been in a mood for singing. His long, graceful body with its pearly, pink-and-white scales hung tangled and twisted in the great spider web. His bristling fangs, his thick, luxuriant mane, and the fringes on his tail and limbs were all caught in the sticky ropes. He could hardly move. The eyeballs in his lionlike head glistened ruby-red. The splendid beast bled from many wounds, for there was something else, something very big, that descended like a dark cloud on the dragon's white body. It rose and fell, rose and fell, all the while changing its shape. Sometimes it resembled a gigantic long-legged spider with many fiery eyes and a fat body encased in shaggy black hair; then it became a great hand with long claws that tried to crush the luckdragon, and in the next moment it changed to a giant scorpion, piercing its unfortunate victim with its venomous sting."""
citation_erodoto_1,int_phoenix_erodoto,source_erodoto_histories,"""Book II, paragraph 73""","""There is also another sacred bird called the phoenix which I did not myself see except in painting, for in truth he comes to them very rarely, at intervals, as the people of Heliopolis say, of five hundred years; and these say that he comes regularly when his father dies; and if he be like the painting, he is of this size and nature, that is to say, some of his feathers are of gold colour and others red, and in outline and size he is as nearly as possible like an eagle. This bird they say (but I cannot believe the story) contrives as follows: - setting forth from Arabia he conveys his father, they say, to the temple of the Sun (Helios) plastered up in myrrh, and buries him in the temple of the Sun; and he conveys him thus: - he forms first an egg of myrrh as large as he is able to carry, and then he makes trial of carrying it, and when he has made trial sufficiently, then he hollows out the egg and places his father within it and plasters over with other myrrh that part of the egg where he hollowed it out to put his father in, and when his father is laid in it, it proves (they say) to be of the same weight as it was; and after he has plastered it up, he conveys the whole to Egypt to the temple of the Sun. Thus they say that this bird does."""
citation_esiodo_1,int_giant_teogonia,source_teogonia,"""Lines 179-181""","""[...] for all the bloody drops that gushed forth Earth received, and as the seasons moved round she bare the strong Erinyes and the great Giants with gleaming armour, holding long spears in their hands and the Nymphs whom they call Meliae all over the boundless earth."""
citation_esiodo_2,int_medusa_esiodo,source_teogonia,"""Lines 270-281""","""A Forci Ceto generò le Graie dalle belle guance, / canute dalla nascita, che chiamano Graie / gli dèi immortali e gli uomini che camminano sulla terra, / Penfredo dal bel peplo e Enio dal peplo di croco, / e le Gorgoni, che abitano al di là dell'illustre Oceano, / al limite verso la Notte, dove sono le Esperidi dalla voce sonora, / Stenno e Euriale e Medusa che soffrì sciagure: / questa era mortale, mentre immortali e eternamente giovani / le altre due; ma accanto a lei sola giacque l'Azzurrochiomato / sul tenero prato e tra i fiori di primavera. / E quando Perseo le tagliò la testa, / saltarono fuori il grande Crisaore e il cavallo Pegaso."""
citation_esiodo_3,int_pegaso_esiodo,source_teogonia,,"""And when Perseus cut off her head, there sprang forth great Chrysaor and the horse Pegasus who is so called because he was born near the springs of Ocean."""
citation_esiodo_4,int_satyr_esiodo,source_frammenti_esiodo,"""fr. XLIV, verses 1-4""","""Onde le dive montanine Ninfe / Nacquero, il seme degl’inetti a ogn’opra / Satiri imbelli, e degli additti ai giuochi, / Di danze intrecciator divi Cureti."""
citation_esiodo_5,int_chimera_esiodo,source_teogonia,"""Lines 319-325""","""Essa partorì Chimera spirante un fuoco irresistibile, / tremenda e grande e veloce e forte, / che aveva tre teste: una di leone dagli occhi fieri, / un'altra di capra, un'altra ancora di serpente, di forte drago, / [davanti leone, dietro serpente, in mezzo capra, / spirante impeto terribile di fuoco ardente]. / La uccisero Pegaso e il valoroso Bellerofonte.'"""
citation_flaubert_1,int_sphinx_flaubert,source_flaubert_tentation,"""Chapter 7""","""Di fronte, sull’altra sponda del Nilo, ecco apparire la Sfinge. Allunga le zampe, scuote le bende dalla sua fronte, e si accuccia sul ventre. Saltando, volando, sputando fuoco dalle narici [...]."""
citation_flaubert_2,int_manticore_flaubert,source_flaubert_tentation,"""Chapter 7""","""La manticora (gigantesco leone rosso, dal volto umano, con tre filari di denti): / - I marezzi del mio pelame scarlatto si confondono col riverbero delle grandi sabbie. Soffio dalle narici lo spavento delle solitudini. Sputo la peste. Mangio gli eserciti, quando s'avventurano nel deserto. / - Ho le unghie ritorte a succhiello, i denti tagliati a sega; e la mia coda roteante è irta di dardi che lancio a destra, a sinistra, in avanti, in dietro. Guarda! Guarda! / (La manticora lancia le spine della coda, che s'irradiano come frecce in tutte le direzioni. Gocce di sangue piovono schioccando sul fogliame)."""
citation_flaubert_3,int_antlion_flaubert,source_flaubert_tentation,"""Chapter 7""","""Lion in its foreparts, ant in its hindparts, with the organs of its sex the wrong way."""
citation_gospodinov_1,int_minotaur_gospodinov,source_gospodinov_fisica_della_malinconia,,"""Il trauma non viene dal fatto che sembri una bestia, ma che in qualche modo sia umano. Proprio la sua umanità è sconvolgente. Il suo corpo è quello di un ragazzo, proprio come il mio. La prima peluria dell'adolescenza sulle gambe, i piedi con le dita lunghe, chissà perché mi aspettavo di vedere degli zoccoli."""
citation_ibsen_1,int_troll_ibsen,source_peer_gynt,"""Act II""","""The Old Man: What difference is there 'twixt trolls and men? / Peer: No difference at all, as it seems to me. / Big trolls would roast you and small trolls would claw you; - / With us it were likewise, if only they dared."""
citation_isidore_1,int_unicorn_isidore,source_etymologies,"""Book 12""","""The unicorn [unicornus], because it has a single four-foot horn in the middle of its forehead, so sharp and strong that it tosses in the air or impales whatever it attacks."""
citation_isidore_2,int_goat_isidore,source_etymologies,,"""The kid is so called from eating, for the young ones are very juicy and pleasing in flavor. Whence also eat and foodstuffs are named. Some people have said he-goats and she-goats are named from their cropping of bushes, others because they ‘hold to uneven places’. Some say it derives from the creaking of their legs, whence also they are often called crepae. They dwell in the high mountains, and even from a great distance they can still see anyone who is approaching."""
citation_isidore_3,int_scorpion_isidore,source_etymologies,"""Book XI, paragraph 4""","""Indeed, many creatures naturally undergo mutation and, when they decay, are transformed into different species – for instance... scorpions from crabs. Thus Ovid: If you take its curved arms from a crab on the shore a scorpion will emerge and threaten with its hooked tail. Scorpions are land vermin; they are counted more appropriately among the vermin than among the snakes. The scorpion is an animal armed with a sting, and was named from this in Greek, because it stings with its tail and infuses venom through the bow-shaped wound. It is characteristic of the scorpion that it does not attack the palm of the hand. If ten crabs are tied with basil, all of the scorpions in that area will gather together."""
citation_isidore_4,int_fish_isidore,source_etymologies,"""Book XII, paragraph 6""","""Fish have their name from feeding. Some fish are amphibious, able to swim and to walk on land. Beasts and birds were named first, because they are easily seen; when fish were named, the names were often related to similar land animals, by shape or color or habit. According to David the Psalmist, the sea contains fish without number."""
citation_isidore_5,int_antlion_isidore,source_etymologies,"""Book XII, paragraph 3""","""The ant-lion is so called either because it is equally lion and ant, or because it is the lion of ants. It is a small animal that is hostile to ants; it hides in the sand and kills other ants that are carrying grain. In this way it is like a lion to ants though it is like an ant to other animals."""
citation_isidore_6,int_basilisk_isidore,source_etymologies,"""Book XII, paragraph 4""","""Basilisk (basiliscus) is a Greek word, translated into Latin as “little king” (regulus), because it is the king of the snakes, so that they flee when they see it because it kills them with its odor – it also kills a human if it looks at one. [...] It is half a foot in length, and marked with white spots."""
citation_isidore_7,int_centaur_isidore,source_etymologies,"""Book XI, paragraph 3""","""Their appearance gave their name to the Centaurs, that is, a man combined with a horse. Some say that they were horsemen of Thessaly, but because, as they rushed into battle, the horses and men seemed to have one body, they maintained the fiction of the Centaurs."""
citation_isidore_8,int_onocentaur_isidore,source_etymologies,"""Book XI, paragraph 3""","""The Onocentaur is so called because it seems to look half like a human, half like an ass. Likewise the Hippocentaur, which is thought to combine the natures of horse and human in itself."""
citation_job_4_11,int_antlion_septuagint,source_septuagint,"""Job 4:11""","""The lion perishes for lack of prey."""
citation_lattanzio_1,int_phoenix_lattanzio,source_ave_phoenice,,"""In this grove, in these woods, dwells the peerless bird, the Phoenix, peerless, since she lives renewed by her own death. An acolyte worthy of record, she yields obedience and homage to Phoebus: such the duty that parent Nature assigned to her for observance. Soon as saffron Aurora reddens at her rising, soon as she routs the stars with rosy light, thrice and again that bird plunges her body into the kindly waves, thrice and again sips water from the living flood. Soaring she settles on the topmost height of a lofty tree which alone commands the whole of the grove, and, turning towards the fresh rising of Phoebus at his birth, awaits the emergence of his radiant beam. [...] She it is also who marks off the swift hours by day and night in sounds which may not be described, priestess of the grove and aweinspiring ministrant of the woods, the only confidant of thy mysteries, Phoebus. When she has already fulfilled a thousand years of life and long lapse of time has made it burdensome to her, she flees from her sweet and wonted nest in the grove, so that in the closing span she may restore her bygone existence, and when in passion for re-birth she has left her sacred haunts, then she seeks this world where Death holds sovereignty. Despite her length of years she directs her swift flight into Syria, to which she herself of old gave the name of Phoenice, and seeks through desert wilds the care-free groves, here where the sequestered woodland lurks among the glades. Then she chooses a palm-tree towering with airy crest which bears its Greek name Phoenix from the bird: against it no hurtful living creature could steal forth, or slippery serpent, or any bird of prey. [...] Meanwhile her body, by birthgiving death destroyed, is aglow, the very heat producing flame and catching fire from the ethereal light afar : it blazes and when burned dissolves into ashes. These ashes she welds together, as if they were concentrated by moisture in a mass, possessing in the result what takes the place of seed. Therefrom, 'tis said, rises a living creature first of all without limbs, but this worm is said to have a milky colour: when suddenly at the appointed hour it has grown enormously, gathering into what looks like a rounded egg, from it she is remoulded in such shape as she had before, bursting her shell and springing to life a Phoenix; 'tis even so that larvae in the country fastened by their threads to stones are wont to change into a butterfly."""
citation_machiavelli_1,int_mandrake_machiavelli,source_mandragola,"""Act II, scene 6""","""Voi avete ad intender questo, che non è cosa più certa ad ingravidare una donna che dargli bere una pozione fatta di mandragola. Questa è una cosa esperimentata da me dua paia di volte, e trovata sempre vera; e, se non era questo, la reina di Francia sarebbe sterile, ed infinite altre principesse di quello stato."""
citation_maier_1,int_sphinx_maier,source_atalanta_fugiens,"""Emblem 39""","""For Sphinx is a certain kind of monster most obscure to the Thebans, propounding riddles, nor only to them, but as before to the Egyptians, so after all others to those that aspire to art, and watches in the Philosophers books as before the gates of Thebes; if any man can pass by the monster, he suffers no evil by him, but he that through presumption of mind or wit endeavors to resolve his riddles, and cannot perform, acquires his own destruction, that is, grief to the heart, and damage to his affairs by error in this work."""
citation_maier_2,int_lion_maier,source_atalanta_fugiens,"""Emblem 37""","""The Lion green, white fume, and stinking juice, Are all that to our Process do conduce: Water the mother is of the Elements, And the sole matter of the Sophic Ens. This Lion is the Hermetic Stone and Brass, And the white fume a watery nature has."""
citation_martin_1,int_dragon_martin,source_got_2,"""Chapter 12""","""Their span was three times their length, each wing a delicate fan of translucent skin, gorgeously colored, stretched taut between long thin bones. When you looked hard, you could see that most of their body was neck, tail, and wing. Such little things, she thought as she fed them by hand, or rather, tried to feed them, for the dragons would not eat. They would hiss and spit at each bloody morsel of horsemeat, steam rising from their nostrils, yet they would not take the food . . . until Dany recalled something Viserys had told her when they were children."""
citation_moore_1,int_elf_moore,source_st_Nicholas,,"""He was chubby and plump, a right jolly old elf, / And I laughed when I saw him, in spite of myself;"""
citation_nietzsche_1,int_satyr_nietzsche,source_nietzsche_ndt,"""Chapter 8""","""Così nasce quindi la figura fantastica e tanto ripugnante del satiro sapiente ed entusiasta che, nello stesso tempo, in contrapposto al dio, è «il tonto uomo»: immagine della natura e dei suoi più forti istinti, vero simbolo di lei e, insieme, annunziatore della sua scienza ed arte; musico, poeta, danzatore tutto in uno, e contemplatore di spiriti."""
citation_norske_folkeeventyr_1,int_troll_norske_folkeeventyr,source_norske_folkeeventyr,,"""On the way up was a bridge over a burn they had to cross; and under the bridge lived a great ugly Troll, with eyes as big as saucers, and a nose as long as a poker."""
citation_omero_1,int_siren_omero,source_odissea_omero,"""Book XII, verses 39-46""","""Alle Sirene presso tu giungere devi anzitutto, / che tutti quanti gli uomini incantan che giungono ad esse. / Chi s’avvicina a loro, mal cauto, ed ascolta la voce / delle Sirene, quello non mai la sua sposa ed i figli / piú lo vedranno tornare, diletto mai piú non ne avranno; / ma le Sirene, incanto gli fan con le limpide voci, / sedute sopra un prato. D’intorno c’è d’ossa un gran mucchio, / d’uomini putrescenti, di scheletri e pelli aggrinzite."""
citation_omero_2,int_chimera_omero,source_iliade_omero,"""Book VI, verses 180-184""","""Era il mostro di origine divina, / leone la testa, il petto capra, e drago / la coda; e dalla bocca orrende vampe / vomitava di foco: e nondimeno, /col favor degli Dei, l'eroe la spense.'"""
citation_ovid_met_1,int_minotaur_ovidius,source_ovidius_metamorphoses,"""Book VIII, verses 155-156""","""L’essere che era il disonore della stirpe era già divenuto adulto e il turpe / adulterio della madre diveniva evidente a causa della singolarità del mostro biforme"""
citation_ovid_met_10,int_snake_ovid_2,source_ovidius_metamorphoses,"""Book II, verses 28-92""","""C'era una foresta antica, inviolata dalla scure, e in mezzo, tra un intrico di rami e virgulti, una spelonca, dove, sotto una bassa volta sorretta da un ammasso di pietre, sgorgava abbondante l'acqua. Qui stava rintanato un serpente generato da Marte e screziato di squame d'oro: saettano fuoco gli occhi, gonfio tutto di veleno è il suo corpo, e in mezzo a tre file di denti guizzano tre lingue. In questo bosco per sventura s'inoltrò la gente venuta da Tiro. L'anfora calata nell'acqua fece un tonfo, ed ecco che livido il serpente dal fondo dell'antro trae fuori il capo vomitando sibili orrendi. Sfuggono le anfore dalle mani, esangue si fa il corpo e un tremito improvviso pervade le membra irrigidite. Con rapide volute il mostro avvolge in spire le sue squame e con un guizzo si tende in archi immensi; ergendosi con oltre metà del suo corpo nel vuoto dell'aria, domina tutto il bosco: tanto è grande, se tu lo vedessi intero, quanto il Serpente che separa le due Orse. Poi di colpo s'avventa sui Fenici, o che s'apprestino a combattere, a fuggire o che il terrore impedisca loro entrambe le azioni: e questi li uccide coi morsi, quelli tendendo le spire, altri infine infettandoli col miasma mortale del suo veleno. Già il sole altissimo aveva ridotto le ombre a un filo: stupito del ritardo dei compagni, il figlio di Agenore allora si mise a cercarli. Addosso portava la pelle strappata a un leone, per armi un'asta smagliante di ferro, un dardo e, più efficace di qualsiasi arma, il suo coraggio. Come penetrò nel bosco e vide i cadaveri e su questi lo smisurato avversario che vittorioso leccava le macabre ferite con la lingua lorda di sangue: 'O vendicherò la vostra morte, fedelissimi miei,' esclamò, 'o vi sarò compagno'. Disse, e con la destra sollevò un macigno e grande quant'era con gran furia lo scagliò. Quell'urto avrebbe raso al suolo anche le mura più massicce con le sue torri svettanti: incolume rimase il serpente; le squame compatte della sua pelle nera, che lo proteggevano come una corazza, respinsero quel colpo spaventoso. Ma la sua corazza non valse contro il dardo, che si conficcò in mezzo alla spina dorsale, dove questa flettendosi s'inarca, e penetrò con tutto il ferro nelle viscere. Pazzo di dolore il serpente torse il capo verso il dorso e scorta la ferita, addentò l'asta che vi era confitta e, dopo averla scossa con violenza da ogni parte, alla fine la divelse, ma il ferro gli rimase nelle ossa. Allora che al suo furore abituale si aggiunse nuovo sprone, un flusso di sangue gli gonfiò la gola, una bava biancastra gli spumeggiò intorno alle fauci letali; graffiata dalle sue squame la terra stridette e l'alito nero che gli usciva dalla bocca infernale ammorbò di fetore l'aria. Ora si raggomitola in spire che descrivono archi immensi, mentre a volte s'inerpica più dritto di un alto fusto, ora con impeto immane, come un fiume ingrossato dalle piogge, si lancia e col petto abbatte ogni ostacolo che nella selva incontra. Il figlio di Agenore arretra un po' e nelle spoglie del leone sostiene l'assalto, con la lancia protesa tiene a bada la bocca che lo incalza. Quello infuria, a vuoto avventa morsi contro il duro ferro e ficca i suoi denti nella punta. Dal suo palato gonfio di veleno ormai il sangue cominciava a stillare, schizzando di macchie il verde dell'erba. Ma era ferita leggera, perché il mostro sfuggiva ai colpi piegando indietro il collo offeso e arretrando impediva all'arma di piantarsi e di penetrare più a fondo; finché il figlio di Agenore, puntandogli l'asta contro la gola, non lo incalzò da presso e, quando alle sue spalle nel ritrarsi si parò una quercia, insieme trafisse collo e tronco."""
citation_ovid_met_11,int_bull_ovid,source_ovidius_metamorphoses,"""Book II, verses 843-568""","""Così dice. E già i buoi scacciati dal monte si dirigono, come ha ordinato, verso la spiaggia, dove la figlia del grande re è solita giocare col suo seguito di fanciulle di Tiro. Maestà ed amore non vanno molto d'accordo, non possono convivere. Perciò, lasciato lo scettro solenne, il padre e signore degli dèi, colui che ha la destra armata di fulmini a tre punte, che con un cenno fa tremare il mondo, assume l'aspetto di un toro e mescolatosi alle giovenche mugge e gironzola, bello, sul terreno prato. Il colore è proprio quello della neve non calcata dalla pianta di duro piede, non sciolta dall'Austro piovoso. Il collo è rigonfio di muscoli, dalle scapole pende la giogaia. Le corna, è vero, sono piccolette, ma così ben fatte che potresti sostenere che son fabbricate a mano, e sono più diafane di una gemma pura. Niente di minaccioso nella fronte, e lo sguardo non mette paura. Un muso tutto pace."""
citation_ovid_met_12,int_centaur_ovid,source_ovidius_metamorphoses,"""Book XII, verses 219-225""","""E infatti tu, èurito, il più feroce di quei feroci Centauri, / già infiammato dal vino, più t'infiammi vedendo la vergine, / e l'ebbrezza aggiunta alla libidine ha il sopravvento. / Rovesciate le tavole, in un attimo il banchetto va in rovina, / e la giovane, afferrata per i capelli, è trascinata via. / èurito rapisce Ippòdame; gli altri ognuno la donna che più / gli piace o quella che può: una scena da città conquistata.."""
citation_ovid_met_2,int_minotaur_ovidius,source_ovidius_metamorphoses,"""Book VIII, verse 169""","""il mostro mezzo uomo e mezzo toro"""
citation_ovid_met_3,int_siren_ovidius,source_ovidius_metamorphoses,"""Book V, verses 560-567""","""Forse perché Proserpina coglieva i fiori / primaverili, eravate nel numero delle sue compagne, / dotte Sirene? Dopo che inutilmente l'avete cercata / per tutto il mondo, / avete desiderato, perché il mare sentisse la vostra pena / di potervi fermare sulle onde col remeggio delle ali, / e avendo il consenso degli dèi, avete visto / improvvisamente i vostri arti fiorire di penne; / ma perché il vostro canto, nato a blandire le orecchie, / e il tesoro della vostra bocca non perdesse l'uso / della lingua, vi restò volto di vergini e voce umana."""
citation_ovid_met_4,int_giant_ovidius,source_ovidius_metamorphoses,"""Book I, verses 151-160""","""Rendering the heights of heaven no safer than the earth, they say the giants attempted to take the Celestial kingdom, piling mountains up to the distant stars. Then the all-powerful father of the gods hurled his bolt of lightning, fractured Olympus and threw Mount Pelion down from Ossa below. Her sons’ dreadful bodies, buried by that mass, drenched Earth with streams of blood, and they say she warmed it to new life, so that a trace of her children might remain, transforming it into the shape of human beings. But these progeny also despising the gods were savage, violent, and eager for slaughter, so that you might know they were born from blood."""
citation_ovid_met_5,int_hermaphrodite_ovidius,source_ovidius_metamorphoses,"""Book IV, verses 373-379""","""Now the entwined bodies of the two were joined together, and one form covered both. Just as when someone grafts a twig into the bark, they see both grow joined together, and develop as one, so when they were mated together in a close embrace, they were not two, but a two-fold form, so that they could not be called male or female, and seemed neither or either."""
citation_ovid_met_6,int_phoenix_ovidius,source_ovidius_metamorphoses,"""Book XV, verses 392-402""","""Unico a riseminarsi e rigenerarsi da sé è un uccello che gli Assiri chiamano 'fenice'. Non di chicchi di grano né di erbe vive la fenice, ma di lacrime d'incenso e di succo d'amomo, e quando ha compiuto cinque secoli di vita, se ne va in cima a una tremula palma e con gli artigli e col suo becco incontaminato si costruisce un nido tra il fogliame. Appena ha steso sul fondo uno strato di cassia e di spighe di nardo delicato, di cannella sminuzzata e di mirra bionda, vi si adagia sopra e chiude la sua esistenza in mezzo ai profumi. Allora, si dice, dal corpo paterno rinasce una piccola fenice, la quale dovrà vivere altrettanti anni."""
citation_ovid_met_7,int_medusa_ovid,source_ovidius_metamorphoses,"""Book IV, verses 769-803""","""Ed ora tu, fortissimo Perseo, / racconta, ti prego, con qual valore e quali stratagemmi / mozzasti quella testa irta di serpenti'. / L'erede di Agenore narra come ai piedi del gelido Atlante / si distenda un luogo protetto da un bastione invalicabile, / e come al suo ingresso abitassero due gemelle, / figlie di Forco, che si dividevano l'uso di un occhio solo; / come lui con destrezza glielo carpì, inserendo la propria mano / mentre se lo scambiavano; come attraverso sentieri sperduti / e impervi, attraverso orridi nell'intrico di foreste, / giunse alla casa di Gòrgone, e qua e là in mezzo ai campi, / nei sentieri gli avvenne di vedere figure di uomini e belve / mutati da esseri vivi in granito per aver visto Medusa. / Ma lui aveva scorto, riflessa nel bronzo dello scudo / che reggeva col braccio sinistro, l'orrenda immagine, / e mentre un sonno pesante gravava sui serpenti e su lei stessa, / le spiccò il capo dal collo: quasi fosse linfa materna / dal sangue nacquero Pegaso, l'alato destriero, e suo fratello. / Ed enumera i veri pericoli corsi nel suo lungo viaggio; / quali mari e quali terre abbia intravisto dall'alto, / quali stelle abbia raggiunto col suo battito d'ali. / Ma prima del previsto s'interrompe. Uno dei presenti interviene / allora chiedendo perché solo Medusa / fra le sorelle avesse serpenti in mezzo ai capelli. / E l'ospite risponde: 'Visto che vuoi sapere cosa che merita / raccontare, eccoti il perché. Di eccezionale bellezza, / Medusa fu desiderata e contesa da molti pretendenti, / e in tutta la sua persona nulla era più splendido dei capelli: / ho conosciuto chi sosteneva d'averla vista. / Si dice che il signore del mare la violasse in un tempio / di Minerva: inorridita la casta figlia di Giove con l'egida / si coprì il volto, ma perché il fatto non restasse impunito / mutò i capelli della Gòrgone in ripugnanti serpenti. / Ancor oggi la dea, per sbigottire e atterrire i nemici, / porta davanti, sul petto, quei rettili che lei stessa ha creato."""
citation_ovid_met_8,int_eagle_ovid,source_ovidius_metamorphoses,"""Book X, verses 155-161""","""Ci fu una volta che il re degli dèi s'infiammò d'amore per il frigio Ganimède, ed ebbe l'idea di trasformarsi in una cosa che, una volta tanto, gli parve più bella che essere Giove: un uccello. Ma, fra tutti gli uccelli, non si degnò di trasformarsi che in quello capace di portare i fulmini, le armi sue. Detto fatto: battendo l'aria con false penne, rapì il giovinetto della stirpe di Ilo, che tuttora gli riempie i calici e gli serve il nèttare, con rabbia di Giunone."""
citation_ovid_met_9,int_snake_ovid,source_ovidius_metamorphoses,"""Book IV, verses 563-603""","""Cadmo figlio di Agenore non sa che la figlia e il nipotino sono diventati divinità marine. Vinto dal dolore, da quella serie di sciagure e dai tanti prodigi che ha visto, il fondatore di Tebe parte dalla sua città, come se la maledizione gravasse sul luogo invece che su di lui. Dopo aver errato a lungo, in fuga con la moglie giunge nella regione degli Illiri. E mentre, oppressi ormai dalle sventure e dagli anni, conversano rievocando gli eventi del casato e rivangano i loro guai, Cadmo osserva: 'Forse era un serpente sacro quello che, al tempo in cui lasciammo Sidone, io trafissi con la lancia, spargendone al suolo, come assurda semente, i denti velenosi. Se è volontà degli dei vendicarlo con ira così spietata, possa io strisciare lungo il ventre come un serpente'. Disse, e come un serpente si distese lungo il ventre, sentendo che sulla pelle indurita gli spuntano squame, che il corpo si fa nero e si chiazza di macchie azzurre. Caduto prono sul petto, le gambe si fondono insieme e a poco a poco si assottigliano in una punta affilata. Non gli restano che le braccia, e le braccia, finché gli restano, tende, con le lacrime che gli scorrono sul viso ancora umano: 'Accòstati, moglie mia,' dice, 'accòstati, moglie mia infelice, e finché qualcosa di me sopravvive, toccami, prendimi la mano, finché è tale, finché il serpente tutto non mi pervade!'. Vorrebbe, sì, dire di più, ma la lingua si scinde a un tratto in due, le parole che ha in animo di dire si spengono e ogni volta che cerca di emettere un lamento, sibila: questa è l'unica voce che natura gli lascia. Colpendosi con le mani il petto ignudo, la moglie grida: 'Cadmo, no, no! spògliati, sventurato, di questa forma mostruosa! Cadmo, che accade? dove sono i piedi? e le spalle, le mani, il tuo colore e, mentre parlo, il viso e ciò che resta? Perché mai, dei del cielo, non mutate anche me in un serpente uguale?'. Così protesta, e lui lambisce il volto della moglie, s'insinua in quel suo seno adorato, come se lo riconoscesse, e avvolgendola in un abbraccio, cerca il collo che gli è familiare. Tutti i presenti, i loro compagni, guardano atterriti; ma lei accarezza il collo viscido di quel serpente crestato e di colpo sono in due a strisciare intrecciando le spire, finché non si nascondono nel folto di un bosco vicino. Ancor oggi non fuggono l'uomo o l'aggrediscono per ferirlo: serpenti innocui, che non possono scordare chi furono un tempo."""
citation_paré_1,int_mostro_paré_1,source_monstres_prodiges,"""Capitolo 3: Esempi dell'ira di Dio""","""Una prova ulteriore: al tempo in cui papa Giulio II causò tante calamità in Italia, quando cioè mosse guerra a Luigi XII (1512) - guerra nel corso della quale presso Ravenna fu combattuta una cruenta battaglia - ebbene, poco tempo dopo nacque nella medesima città un essere mostruoso con un corno in testa, due ali e con un unico piede simile a quello di un uccello da preda, con un occhio che si apriva in corrispondenza dell'articolazione del ginocchio, e inoltre era partecipe sia della natura maschile che di quella femminile [...]."""
citation_paré_2,int_anomaly_paré_1,source_monstres_prodiges,"""Capitolo 9: Esempi di mostri craeti dall'immaginazione""","""Damasceno - un autore serio - afferma di aver visto una ragazza pelosa come un orso, uscita dal ventre della madre così deforme e orripilante perché questa al momento di concepirla aveva guardato troppo intensamente l'immagine di un san Giovanni vestito di pelli e pieno di peli che era collocata ai piedi del letto."""
citation_paré_3,int_mostro_paré_2,source_monstres_prodiges,"""Capitolo 36: Dei mostri terrestri""","""[...] dice che in Africa si trova un animale che i selvaggi chiamano haiit, molto deforme; chi lo vede stenta a credere che esista una bestia tale. Può raggiungere la grandezza di un grosso guenon. La sua pancia pende quasi fino a terra anche quando sta ritto. Il suo viso e la testa sono pressoché uguali a quelli di un bambino. Questo haiit, se viene catturato, getta dei profondi sospiri paragonabili a quelli che un uomo afflitto da un grande ed eccessivo dolore emetterebbe. È di color grigio e ha solo tre artigli per zampa lunghi quattro dita e fatti a forma delle ossa di una carpa; con questi artigli, che sono taglienti tanto quanto - o anche più taglienti - di quelli di un leone o di altre bestie crudeli, egli monta sugli alberi, dove preferisce vivere piuttosto che in terra. La sua coda è lunga solo tre dita. È inoltre strano che nessun uomo abbia mai potuto dire di averlo visto mangiare cosa alcuna, sebbene i selvaggi ne abbiano tenuto a lungo alcuni nelle proprie capanne per vedere se avrebbero mangiato qualcosa; i selvaggi dicevano che vivevano di vento."""
citation_paré_4,int_mostro_paré_3,source_monstres_prodiges,"""Capitolo 19: Esempi della commistione e della mescolanza del seme""","""Nel 1493 venne concepito e generato un bambino da una donna e da un cane. Le parti sopra l'ombelico erano nella forma e nell'aspetto simili alla madre ed era in tutto e per tutto completo senza che la Natura avesse omesso nulla; dall'ombelico in giù tutte le parti inferiori assomigliavano, nella forma e nell'aspetto, all'animale che era il padre. Questo essere fu inviato al Papa che regnava in quel periodo."""
citation_paré_5,int_anomaly_paré_2,source_monstres_prodiges,"""Capitolo 19: Esempi della commistione e della mescolanza del seme""","""Nell'anno in corso 1577 nacque, nel villaggio chiamato Blandy, a una lega e mezzo da Melun, un agnello con tre teste in una; quella di mezzo era più grossa delle altre e quando una di queste teste belava, le altre facevano la stessa cosa. Maestro Jean Bellanger, un chirurgo abitante della città di Melun, afferma d'averlo visto e di averne fatto ritrarre l'aspetto; il ritratto fu messo all'asta e fu venduto qui a Parigi col privilegio assieme a quelli di altri due mostri: uno di due figlie gemelle e un altro con la faccia di rana raffigurato in un'immagine precedente."""
citation_paré_6,int_mostro_paré_4,source_monstres_prodiges,"""Capitolo 34: Ora parliamo di mostri marini""","""Gesner menziona questo mostro marino, di cui aveva ottenuto il ritratto da un pittore che lo aveva visto nel suo ambiente naturale in Antwerp: aveva una testa molto selvaggia con due corna, le orecchie lunghe e il resto del corpo da pesce, con l'eccezione delle braccia che erano quasi normali. Fu catturato nel mare Illirico quando si gettò sulla spiaggia nel tentativo di prendere un piccolo bambino che era lì vicino; inseguito da alcuni marinai che l'avevano visto, fu ferito a colpi di sassi e poco dopo venne sulla banchina a morire."""
citation_paré_7,int_mostro_paré_5,source_monstres_prodiges,"""Capitolo 34: Ora parliamo di mostri marini""","""Questo mostro marino, con la testa, la criniera e il davanti equino fu visto nel mare Oceano; il suo ritratto fu portato a Roma al papa allora regnante."""
citation_paré_8,int_anomaly_paré_3,source_monstres_prodiges,"""Capitolo 8: Esempi di carenza di seme""","""Il primo novembre 1562 nacqua a Villefranche de Beyan in Guascogna questo mostro senza testa. L'immagine frontale e dorsale qui riprodotta mi è stata fornita dal Signor Hautin, medico reggente nella Facoltà di Medicina di Parigi, che mi ha assicurato di averlo visto."""
citation_paré_9,int_anomaly_paré_4,source_monstres_prodiges,"""Capitolo 4: Esempi di eccesso di seme""","""A proposito della genesi dei mostri, Ippocrate afferma che una eccessiva quantità di materia può generare un numero eccessivo di nati, oppure un infante mostruoso con parti superflue e inutili, tipo due teste, quattro braccia, quattro gambe, sei dita nelle mani o nei piedi, eccetera. [...] Sarà opportuno ricordare a questo punto che a proposito di questa donna-mostro Licostene aggiunge una notizia strabiliante: raddoppiandone la testa, la natura non aveva tralasciato nulla, tant'è che le due teste, egli dice, avevano lo stesso desiderio di bere, di mangiare, e di dormire e uguali erano il loro modo di parlare e il loro modo di sentire. Questa ragazza andava a chiedere l'elemosina di casa in casa e la gente le offriva volentieri qualcosa per l'eccezionalità del fenomeno, così straordinario e nuovo. Ciononostante, trascorso un po' di tempo, ella fu bandita dal ducato di Baviera perché si era diffusa la voce che la sua presenza poteva deformare il frutto delle donne gravide, in quanto l'aspetto di questa creatura così mostruosa poteva imprimere e fissare la propria forma nella loro immaginativa."""
citation_perrault_1,int_fairy_perrault,source_cinderella_perrault,"""Tale VI, Cinderella ""","""Well, be but a good girl, and I will contrive, that thou shalt go. Run into the garden, and bring me a pumpkin."""
citation_peter_pan_1,int_fairy_disney,source_peter_pan ,,"""Tink was not all bad: or, rather, she was all bad just now, sometimes she was all good. Fairies have to be one thing or the other, because being so small they unfortunately have room for one feeling only at a time."""
citation_pharsalia_1,int_basilisk_lucano,source_pharsalia,"""Book IX""","""Quel suol però sí sterile, e que' campi / Di niun bene fecondi, un tosco atroce / Concepiscono in lor dalle corrotte Gocciole di Medusa [...] Ivi dispiega [...] e'l Basilisco horrendo / (Che Sibili tramanda, onde rimane / Ogni serpe atterrito, e pria che sparga / Il veleno, dà morte) il serpentino / Volgo da sé rimove, e in vuote arene / Solo il regno ritien."""
citation_physiologus_1,int_antlion_physiologus,source_physiologus,,"""It had the face (or fore-part) of a lion and the hinder parts of an ant. Its father eats flesh, but its mother grains. If they engender the ant-lion, they engender a thing of two natures, such that it cannot eat flesh because of the nature of its mother, nor grains because of the nature of its father. It perishes, therefore, because it has no nutriment."""
citation_plato_1,int_hermaphrodite_plato,source_symposium,"""189d""","""The sexes were not two as they are now, but originally three in number; there was man, woman, and the union of the two, having a name corresponding to this double nature, which had once a real existence, but is now lost, and the word 'Androgynous' is only preserved as a term of reproach. In the second place, the primeval man was round, his back and sides forming a circle; and he had four hands and four feet, one head with two faces, looking opposite ways, set on a round neck and precisely alike; also four ears, two privy members, and the remainder to correspond. He could walk upright as men now do, backwards or forwards as he pleased, and he could also roll over and over at a great pace, turning on his four hands and four feet, eight in all, like tumblers going over and over with their legs in the air; this was when he wanted to run fast. Now the sexes were three, and such as I have described them; because the sun, moon, and earth are three; and the man was originally the child of the sun, the woman of the earth, and the man-woman of the moon, which is made up of sun and earth, and they were all round and moved round and round like their parents."""
citation_plinio_1,int_sphinx_plinio,source_naturalis_historia,"""Book XXXVI, paragraph 17""","""Prima che delle piramidi, bisogna parlare della Sfinge, monumento che meriterebbe addirittura una trattazione più ampia. Ma su di essa c'è silenzio: gli abitanti la considerano una divinità. Ritengono che vi sia sepolto il re Harmais e vogliono credere che sembri costruita con materiale portato colà. È invece scolpita nella pietra viva, ed il volto rosso del mostro è oggetto di culto; la circonferenza di esso all'altezza della fornte raggiunge i 102 piedi; la lunghezza dell'intera statua è di 143 piedi e l'altezza del ventre fino al vertice dell'aspide che sta sul capo è 61 piedi e mezzo."""
citation_plinio_2,int_satyr_pliny,source_naturalis_historia,"""Book VII, paragraph 24""","""Among the mountainous districts of the eastern parts of India, in what is called the country of the Catharcludi, we find the Satyr, an animal of extraordinary swiftness. These go sometimes on four feet, and sometimes walk erect; they have also the features of a human being. On account of their swiftness, these creatures are never to be caught, except when they are either aged or sickly."""
citation_plinio_3,int_phoenix_plinio,source_naturalis_historia,"""Book X, paragraph 2""","""The story is that it is as large as an eagle, and has a gleam of gold round its neck and all the rest of it is purple, but the tail blue picked out with rosecoloured feathers and the throat picked out with tufts, and a feathered crest adorning its head."""
citation_plinio_4,int_dragon_plinio,source_naturalis_historia,"""Book VIII, paragraph 11""","""In Africa nascono elefanti al di là dei deserti delle Sirti ed in Mauritania, ed anche nei territori degli Etiopi e dei Trogloditi, come si è già detto; ma l'India produce gli esemplari più grandi, ed enormi draghi-serpenti che combattono con essi in perpetua discordia, di tali dimensioni anche questi che facilmente riescono ad avvolgere un elefante nelle loro spire e a stringerlo nella stretta del loro nodo. Questo combattimento provoca la morte di entrambi i contendenti, perché l'elefante sconfitto, cadendo, col suo peso schiaccia il drago-serpente che lo tiene avvinto."""
citation_plinio_5,int_manticore_plinio,source_naturalis_historia,"""Book VIII, paragraph 30""","""C'è in Etiopia un animale chiamato manticora, il quale ha tre ordini di denti connessi come quelli d'un pettine, faccia e orecchie d'uomo, occhi azzurri, corpo cremisi di leone, e coda terminante in aculeo come di scorpione. Corre con somma rapidità ed è amantissimo della carne umana; la sua voce è come un concerto di flauto e tromba."""
citation_plinio_6,int_goat_plinio,source_naturalis_historia,"""Book VIII, paragraph 41""","""Goats use ivy and a diet consisting mostly of crabs thrown up from the sea [to cure themselves of sickness]. Mucianus has described a case of this animal's cleverness seen by himself - two goats coming in opposite directions met on a very narrow bridge, and as the narrow space did not permit them to turn round and the length did not allow of backing blindly on the scanty passageway with a rushing torrent flowing threateningly below, one of them lay down and so the other one passed over, treading on top of it... according to Archelaus they breathe through the ears, not the nostrils, and are never free from fever: this is perhaps the reason why they are more high-spirited than sheep and hotter in coupling. It is said that goats can see by night as well as they can in the daytime, and that consequently a diet of goat's liver restores sight to persons suffering from what is called night-blindness.They say that she-goats in the pastures when the sun is setting do not look at one another but He down with their backs to each other, though at other times of the day they lie facing each other and take notice of one another. Their bite kills a tree; they make an olive tree barren even by licking it, and for this reason they are not offered in sacrifice to Minerva. Herds of goats also have their special reputation for cheese, in the case of fresh cheese especially when smoke increases its flavor, as with the supremely desirable cheese made in the city itself; for the cheese of the Gallic goats always has a strong medicinal taste. The horn or hair of she-goats, when burnt, is said to keep serpents away, and the ash from the horn, whether taken in drink or applied, to be efficacious for their bites; as are also draughts of their milk with taminian grapes, or of their urine with squill vinegar; so too an application of goat cheese with marjoram, or of goat suet with wax. Thousands of remedies besides from the goat are given in prescriptions, as will be pointed out; this is surprising to me, because it is said never to be free from fever.."""
citation_plinio_7,int_scorpion_plinio,source_naturalis_historia,"""Book XI, paragraph 30""","""Land scorpions also like spiders produce grubs resembling eggs and die in the same way as spiders; they are a horrible plague, poisonous like snakes, except that they inflict a worse torture by dispatching the victim with a lingering death lasting three days, their wound being always fatal to girls and almost absolutely so to women, but to men only in the morning, when they are coming out of their holes, before they emit their yet unsated poison by some accidental stroke. Their tail is always engaged in striking and does not stop practicing at any moment, lest it should ever miss an opportunity it strikes both a sideways stroke and one with the tail bent up."""
citation_plinio_8,int_basilik_plinio,source_naturalis_historia,"""Book VIII, paragraph 33 ""","""The basilisk serpent also has the same power. It is a native of the province of Cyrenaica, not more than 12 inches long, and adorned with a bright white marking on the head like a sort of diadem. It routs all snakes with its hiss, and does not move its body forward in manifold coils like the other snakes but advancing with its middle raised high. It kills bushes not only by its touch but also by its breath, scorches up grass and bursts rocks. Its effect on other animals is disastrous."""
citation_poem_hermaphroditus,int_hermaphrodite_swinburne,source_poem_hermaphroditus,"""Verse 17-21""","""Where between sleep and life some brief space is, / With love like gold bound round about the head, / Sex to sweet sex with lips and limbs is wed, / Turning the fruitful feud of hers and his / To the waste wedlock of a sterile kiss."""
citation_rochester_1,int_manticore_rochester,source_rochester_bestiary,"""Folio 27r""","""The manticore is a beast born in India. It has three rows of teeth that intertwine like the teeth of a comb. It has the face of a human, greyish-blue eyes and a blood-red colour. It has a leonine body, and its tail resembles a scorpion's sting. It has a sharp, hissing voice similar to the sound of flutes and bagpipes. It eagerly longs for human flesh. It is so swift and jumps so high that neither the vastest areas nor the most insuperable obstacles can force it to die."""
citation_rowling_1,int_sphinx_rowling_harry,source_harry_potter_book_4,"""Chapter 31""","""It was a sphinx. It had the body of an over-large lion: great clawed paws and a long yellowish tail ending in a brown tuft. Its head, however, was that of a woman. She turned her long, almond-shaped eyes upon Harry as he approached. He raised his wand, hesitating. She was not crouching as if to spring, but pacing from side to side of the path, blocking his progress. Then she spoke, in a deep, hoarse voice."""
citation_rowling_10,int_centaur_rowling_harry,source_harry_potter_book_1,"""Chapter 15""","""A centaur was standing over him, not Ronan or Bane; this one looked younger; he had white-blond hair and a palomino body. [...] The centaur didn’t answer. He had astonishingly blue eyes, like pale sapphires. He looked carefully at Harry, his eyes lingering on the scar which stood out, livid, on Harry’s forehead. ‘You are the Potter boy,’ he said. ‘You had better get back to Hagrid. The Forest is not safe at this time – especially for you. Can you ride? It will be quicker this way.'"""
citation_rowling_2,int_hippogriff_rowling_harry,source_harry_potter_book_3,"""Chapter 6""","""Trotting toward them were a dozen of the most bizarre creatures Harry had ever seen. They had the bodies, hind legs, and tails of horses, but the front legs, wings, and heads of what seemed to be giant eagles, with cruel, steel-colored beaks and large, brilliantly, orange eyes. The talons on their front legs were half a foot long and deadly looking. Each of the beasts had a thick leather collar around its neck, which was attached to a long chain, and the ends of all of these were held in the vast hands of Hagrid, who came jogging into the paddock behind the creatures."""
citation_rowling_3,int_phoenix_rowling,source_fantastic_beasts,,"""The phoenix is a magnificent, swan-sized, scarlet bird with a long golden tail, beak, and talons. It nests on mountain peaks and is found in Egypt, India, and China. The phoenix lives to an immense age as it can regenerate, bursting into flames when its body begins to fail and rising again from the ashes as a chick. The phoenix is a gentle creature that has never been known to kill and eats only herbs. Like the Diricaw, it can disappear and reappear at will. Phoenix song is magical; it is reputed to increase the courage of the pure of heart and to strike fear into the hearts of the impure. Phoenix tears have powerful healing properties."""
citation_rowling_4,int_sphinx_rowling_fantastic,source_fantastic_beasts,,"""The Egyptian sphinx has a human head on a lion’s body. For over a thousand years it has been used by witches and wizards to guard valuables and secret hideaways. Highly intelligent, the sphinx delights in puzzles and riddles. It is usually dangerous only when what it is guarding is threatened."""
citation_rowling_5,int_hippogriff_rowling_fantastic,source_fantastic_beasts,,"""The Hippogriff is native to Europe, though now found worldwide. It has the head of a giant eagle and the body of a horse. It can be tamed, though this should be attempted only by experts. Eye contact should be maintained when approaching a Hippogriff. Bowing shows good intentions. If the Hippogriff returns the greeting, it is safe to draw closer. The Hippogriff burrows for insects but will also eat birds and small mammals. Breeding Hippogriffs build nests upon the ground into which they will lay a single large and fragile egg, which hatches within twenty-four hours. The fledgling Hippogriff should be ready to fly within a week, though it will be a matter of months before it is able to accompany its parent on longer journeys."""
citation_rowling_6,int_dragon_rowling_fantastic,source_fantastic_beasts,,"""Probably the most famous of all magical beasts, dragons are among the most difficult to hide. The female is generally larger and more aggressive than the male, though neither should be approached by any but highly skilled and trained wizards. Dragon hide, blood, heart, liver, and horn all have highly magical properties, but dragon eggs are defined as Class A Non-Tradeable Goods. There are ten breeds of dragon, though these have been known to interbreed on occasion, producing rare hybrids."""
citation_rowling_7,int_dragon_rowling_harry,source_harry_potter_book_4,"""Chapter 19""","""Four fully grown, enormous, vicious-looking dragons were rearing onto their hind legs inside an enclosure fenced with thick planks of wood, roaring and snorting - torrents of fire were shooting into the dark sky from their open, fanged mouths, fifty feet above the ground on their outstretched necks. There was a silvery-blue one with long, pointed horns, snapping and snarling at the wizards on the ground; a smooth-scaled green one, which was writhing and stamping with all its might; a red one with an odd fringe of fine gold spikes around its face, which was shooting mushroom-shaped fire clouds into the air; and a gigantic black one, more lizardhike than the others, which was nearest to them."""
citation_rowling_8,int_basilisk_rowling_fantastic,source_fantastic_beasts,,"""[…] a chicken egg hatched beneath a toad would produce a gigantic serpent possessed of extraordinarily dangerous powers. The Basilisk is a brilliant green serpent that may reach up to fifty feet in length. The male has a scarlet plume upon its head. It has exceptionally venomous fangs but its most dangerous means of attack is the gaze of its large yellow eyes. Anyone looking directly into these will suffer instant death."""
citation_rowling_9,int_centaur_rowling_fantastic,source_fantastic_beasts,,"""The centaur has a human head, torso and arms joined to a horse’s body which may be any of several colours. Being intellinge and capable of speech, it should not strictly speaking be termed a beast […]. The centaur is forest-dwelling. […] They live in herds ranging in size from ten to fifty members. They are reputed to be well-versed in magical healing, divination, archery and astronomy.'"""
citation_shakespeare_1,int_phoenix_shakespeare,source_phoenix_and_turtle_shakespeare,"""Verse 21-24""","""Here the anthem doth commence: / Love and constancy is dead, / Phoenix and the Turtle fled / In a mutual flame from hence."""
citation_shakespeare_2,int_mandrake_shakespeare,source_romeo_and_juliet,"""Act IV, scene 3""","""Alack, alack, is it not like that I, / So early waking, what with loathsome smells, / And shrieks like mandrakes torn out of the earth, / That living mortals, hearing them, run mad –"""
citation_shelley_1,int_medusa_shelley,source_on_the_medusa,,"""I. / It lieth, gazing on the midnight sky, / Upon the cloudy mountain-peak supine; / Below, far lands are seen tremblingly; / Its horror and its beauty are divine. / Upon its lips and eyelids seems to lie / Loveliness like a shadow, from which shine, / Fiery and lurid, struggling underneath, / The agonies of anguish and of death. / II. / Yet it is less the horror than the grace / Which turns the gazer's spirit into stone, / Whereon the lineaments of that dead face / Are graven, till the characters be grown / Into itself, and thought no more can trace; / 'Tis the melodious hue of beauty thrown / Athwart the darkness and the glare of pain, / Which humanize and harmonize the strain. / III. / And from its head as from one body grow, / As grass out of a watery rock, / Hairs which are vipers, and they curl and flow / And their long tangles in each other lock, / And with unending involutions show / Their mailed radiance, as it were to mock / The torture and the death within, and saw / The solid air with many a ragged jaw. / IV. / And, from a stone beside, a poisonous eft / Peeps idly into those Gorgonian eyes; / Whilst in the air a ghastly bat, bereft / Of sense, has flitted with a mad surprise / Out of the cave this hideous light had cleft, / And he comes hastening like a moth that hies / After a taper; and the midnight sky / Flares, a light more dread than obscurity. / V. / 'Tis the tempestuous loveliness of terror; / For from the serpents gleams a brazen glare / Kindled by that inextricable error, / Which makes a thrilling vapour of the air / Become a and ever-shifting mirror / Of all the beauty and the terror there-- / A woman's countenance, with serpent-locks, / Gazing in death on Heaven from those wet rocks."""
citation_shrek_1,int_ogre_shrek,source_shrek,,"""It's the world that seems to have a problem with me. People take one look at me and go, 'Ah! Help! Run! Big, stupid, ugly ogre!' They judge me before they even know me."""
citation_sturluson_1,int_troll_prose_edda,source_prose_edda,"""Paragraph 53""","""Trolls call me moon of dwelling-Rungnir, giant's wealth-sucker, storm-sun's bale, seeress's friendly companion, guardian of corpse-fiord, swallower of heaven-wheel; what is a troll other than that?"""
citation_sturluson_2,int_elf_sturluson,source_prose_edda,,"""There is one place that is called Álfheimr. There live the folk called Light-Elves, but the Dark-Elves live down in the ground, and they are unlike them in appearance, and even more unlike them in nature. Light-Elves are fairer than the sun to look at, but Dark-Elves are blacker than pitch."""
citation_tasso_1,int_phoenix_tasso,source_mondo_creato,"""Giornata V""","""Tra queste piante, e 'n quella selva alberga / Appresso 'l fonte l'unica Fenice, / Che della morte sua rinasce e vive: / Augello eguale alle celesti forme, / che vivace le stelle adegua, e 'l tempo / Consuma, e vince con rifatte membra. / E come sia del Sol gradita ancella, / Ha questo da natura officio, e dono, / Che quand'in cielo ad apparir comincia / Sparsa di rose la novella Aurora, / E dal ciel caccia le minute stelle; / Ella tre volte e quattro in mezzo all'acque / Sommerge 'l corpo, e pur tre volte e quattro / Liba quel dolce umor del vivo gorgo. / Poscia a volo s'innalza, e siede in cima / Dell'arbore frondosa, e quinci intorno / La selva tutta signoreggia e mira : [...] / Ma poi, forniti cento e cento lustri, / Nella vetusta età più grave e tarda, / Ella, che già passare a volo i nembi / Poteva, e le sonore, alte procelle, /  Per rinnovar la stanca vita, e 'l tempo / Chiuso, e ristretto pur da spazi angusti, / Fugge del bosco usato il dolce albergo. /  E di rinascer vaga, i lochi sacri / Addietro lascia, e vola al nostro mondo, / Ov'ha suo regni l'importuna morte. / E già drizza invecchiata 'l lento volo / In quella di Soría famosa parte, / A cui died'ella di Fenice 'l nome. / E di selve deserte ivi ricerca / Per non calcate vie secreta stanza, / E si ricovra nell'oscuro bosco. / Ed allor coglie dell'aereo giogo / Forte palma sublime, a cui pur anco / Comparti di Fenice 'I caro nome, / Cui romper non potria co' feri denti / Serpe squammosa, o pure augel rapace, / Od altra ingiuríosa orrida belva. / E chiusi allor nelle spelonche i venti / Taccion fra' cavernosi orridi chiostri, / Per non turbar co' lor torbidi spirti / Del bell'aer purpureo 'l dolce aspetto. / Nè condensato turbo i vani campi / Del ciel ricopre, ed al felice Augello / Toglie la vista de soavi raggi. / Quinci 'l nido si fa: sia nido, o tomba / Quello, in cui pere, accio rinasca, e viva L'Augel, che di se stesso è padre e figlio, / E se medesmo egli produce e cria. [...] / Sparge poi colla bocca i dolci succhi / Intorno, e sovra alle sue proprie membra. / Ivi l' esequie sue si fa morendo: / E debol già con lusinghieri accenti / Saluta 'l Sole, anzi l'adora, e placa : / E mesce umil preghiera all' umil canto, / Chiedendo i cari incendj, onde risorga / Col nuovo acquisto di perpetua forza. / Fra'vari odori poi l'alma spirante / Raccomanda al sepolcro; e nou paventa / L'ardita fede di si caro pegno. / Parte di vital morte 'l corpo estinto / S'accende, e l'ardor suo fiamme produce, / E del lume lontan concepe 'I foco, / Ond' egli ferve oltra misura, e flagra, / Lieto del suo morir, perchè veloce / Al rinascer di nuovo egli s' affretta. / Splende quasi di stelle ardenti 'l rogo, / E consuma l già lasso e pigro veglio. / La Luna'l corso suo raffrena e tarda, E par che tema in quel mirabil parto / Natura faticosa, e stanca madre, / Che non si perda l'immortale Augello; / Ma di gemina vita in mezz'al foco /  Posto in dubbio confin distingue e parte. / Nelle ceneri aduste alfin converso, / Le sue ceneri accolte egli raduna / In massa condensate, e quasi in vece / È l'occulta virtù d'interno seme. / E quinci prima l'animal ci nasce, / E 'n forma d'ovo si raccoglie 'n giro, / Poi si riforma nel primier sembiante: / E dalle nuove sue squarciate spoglie /Alfin germoglia l'immortal Fenice."""
citation_thaon_1,int_onocentaur_thaon,source_thaon_bestiary,,"""[...] the onocentaur, which has the shape of a man down to the waist, and behind has the make of an ass, by great reason; Ονος, in Greek, is the name given to an ass; thus they call it; hear what signifies a beast of such a quality. Man, when he says truth, is rightly named man, and ass, signifies, when he does villany'"""
citation_theophilus_1,int_basilisk_theophilus,source_schedula_theophilus,,"""the heathen, who are said to be skilled in this art, produce basilisks for themselves in this way. They have a structure under the ground [...] In this they place two old fowls, twelve or fifteen years old, and they give them plenty to eat. When they have become plump, with the heat of their fatness they copulate and lay eggs. When these have been laid, the fowls are taken away and toads are introduced to sit on the eggs, and bread is given them for food. When the eggs are hatched, male chicks emerge like hens' chicks. After seven days they grow the tails of serpents."""
citation_tolkien_1,int_dragon_tolkien,source_the_hobbit,"""Chapter 12""","""There he lay, a vast red-golden dragon, fast asleep; thrumming came from his jaws and nostrils, and wisps of smoke, but his fires were low in slumber. Beneath him, under all his limbs and his huge coiled tail, and about him on all sides stretching away across the unseen floors, lay countless piles of precious things, gold wrought and unwrought, gems and jewels, and silver red-stained in the ruddy light. Smaug lay, with wings folded like an immeasurable bat, turned partly on one side, so that the hobbit could see his underparts and his long pale belly crusted with gems and fragments of gold from his long lying on his costly bed. Behind him where the walls were nearest could dimly be seen coats of mail, helms and axes, swords and spears hanging; and there in rows stood great jars and vessels filled with a wealth that could not be guessed."""
citation_tolkien_2,int_troll_tolkien,source_lotr,"""Appendix F""","""Trolls they were, but filled with the evil will of their master: a fell race, strong, agile, fierce and cunning, but harder than stone. Unlike the older race of the Twilight they could endure the Sun, so long as the will of Sauron held sway over them. They spoke little, and the only tongue that they knew was the Black Speech of Barad-dûr."""
citation_tolkien_3,int_elf_tolkien,source_lotr,"""Book 1""","""The doom of the Elves is to be immortal, to love the beauty of the world, to bring it to full flower with their gifts of delicacy and perfection, to last while it lasts, never leaving it even when slain."""
citation_topsell_1,int_manticore_topsell,source_history_of_four_footed_beasts,"""Volume 1, chapter: Of the Mantichora""","""This beast or rather Monster is bred among the Indians, having a treble row of teeth beneath and above, whose greatness, roughness, and feet are like a Lyon, his face and ears like unto a mans, his eyes gray, and colour red, his tail like the tail of a Scorpion, of the earth, armed with a sting, casting forth sharp pointed quils; his voyce like the voyce of a small Trumpet or Pipe, being in course as swift as a Hart; his wildeness such as can never be tamed, and his appetite is especially to the flesh of man. His body like the body of a Lyon, being very apt both to leap and to run,  so as no distance or space doth hinder him [...]."""