citation_id,interpretation_id,source_id,sequence_identifier,language,passage
citation_dante_inferno_1,int_minotaur_dante,source_dante_inferno,"XII, vv. 11-14",it,"e ’n su la punta de la rotta lacca / l’infamia di Creti era distesa / che fu concetta ne la falsa vacca; / e quando vide noi, sé stesso morse, / sì come quei cui l’ira dentro fiacca."
citation_ovid_met_1,int_minotaur_ovidius,source_ovidius_metamorphoses,"VIII, vv. 155-156",la,“L’essere che era il disonore della stirpe era già divenuto adulto e il turpe / adulterio della madre diveniva evidente a causa della singolarità del mostro biforme
citation_ovid_met_2,int_minotaur_ovidius,source_ovidius_metamorphoses,"VIII, v. 169",la,il mostro mezzo uomo e mezzo toro
citation_ovid_met_3,int_siren_ovidius,source_ovidius_metamorphoses,"V, vv. 560-567",la,"Forse perché Proserpina coglieva i fiori / primaverili, eravate nel numero delle sue compagne, / dotte Sirene? Dopo che inutilmente l'avete cercata / per tutto il mondo, / avete desiderato, perché il mare sentisse la vostra pena / di potervi fermare sulle onde col remeggio delle ali, /
e avendo il consenso degli dèi, avete visto / improvvisamente i vostri arti fiorire di penne; / ma perché il vostro canto, nato a blandire le orecchie, /
e il tesoro della vostra bocca non perdesse l'uso / della lingua, vi restò volto di vergini e voce umana."
source_ovidius_metamorphoses,int_minotaur_gospodinov,source_gospodinov_fisica_della_malinconia,,bg,"Il trauma non viene dal fatto che sembri una bestia, ma che in qualche modo sia umano. Proprio la sua umanità è sconvolgente. Il suo corpo è quello di un ragazzo, proprio come il mio. La prima peluria dell'adolescenza sulle gambe, i piedi con le dita lunghe, chissà perché mi aspettavo di vedere degli zoccoli."
citation_frammenti_esiodo,int_satyr_esiodo,source_frammenti_esiodo,"XLIV, vv. 1-4",grc,"Onde le dive montanine Ninfe / Nacquero, il seme degl’inetti a ogn’opra / Satiri imbelli, e degli additti ai giuochi, / Di danze intrecciator divi Cureti."
citation_anonymous,int_siren_anonymous,source_liber_monstrorum,,la,"Le Sirene sono fanciulle marine che seducono i marinai con la bellezza del corpo e la dolcezza del canto. Dalla testa fino all’ombelico hanno aspetto di vergine, del tutto simili a creature umane. Hanno però code squamose di pesce, che nascondono sempre sott’acqua."
citation_omero_1,int_siren_omero,source_odissea_omero,"Libro XII, vv. 39-46",grc,"Alle Sirene presso tu giungere devi anzitutto, / che tutti quanti gli uomini incantan che giungono ad esse. / Chi s’avvicina a loro, mal cauto, ed ascolta la voce / delle Sirene, quello non mai la sua sposa ed i figli / piú lo vedranno tornare, diletto mai piú non ne avranno; / ma le Sirene, incanto gli fan con le limpide voci, / sedute sopra un prato. D’intorno c’è d’ossa un gran mucchio, / d’uomini putrescenti, di scheletri e pelli aggrinzite."
citation_andersen,int_siren_andersen,source_andersen,,"da ","They were six beautiful children; but the youngest was the prettiest of them all; her skin was as clear and delicate as a rose-leaf, and her eyes as blue as the deepest sea; but, like all the others, she had no feet, and her body ended in a fish's tail. "
citation_nietzsche_ndt,int_satyr_nietzsche,source_nietzsche_ndt,Chapter VIII,de,"Così nasce quindi la figura fantastica e tanto ripugnante del satiro sapiente ed entusiasta che, nello stesso tempo, in contrapposto al dio, è «il tonto uomo»: immagine della natura e dei suoi più forti istinti, vero simbolo di lei e, insieme, annunziatore della sua scienza ed arte; musico, poeta, danzatore tutto in uno, e contemplatore di spiriti."
citation_plinio_1,int_sphinx_plinio,source_naturalis_historia,"Book 36, Paragraph 17",la,"Prima che delle piramidi, bisogna parlare della Sfinge, monumento che meriterebbe addirittura una trattazione più ampia. Ma su di essa c'è silenzio: gli abitanti la considerano una divinità. Ritengono che vi sia sepolto il re Harmais e vogliono credere che sembri costruita con materiale portato colà. È invece scolpita nella pietra viva, ed il volto rosso del mostro è oggetto di culto; la circonferenza di esso all'altezza della fornte raggiunge i 102 piedi; la lunghezza dell'intera statua è di 143 piedi e l'altezza del ventre fino al vertice dell'aspide che sta sul capo è 61 piedi e mezzo."
citation_flaubert_1,int_sphinx_flaubert,source_tentazione_antonio,Book 7,fr,"Di fronte, sull’altra sponda del Nilo, ecco apparire la Sfinge. Allunga le zampe, scuote le bende dalla sua fronte, e si accuccia sul ventre. Saltando, volando, sputando fuoco dalle narici [...]."
citation_apollodoro_1,int_sphinx_apollodoro,source_mito_edipo,"Section 3, Lines 52-54",grc,"Era infatti inviò la Sfinge, che era (nata) dalla madre Echidna e dal padre Tifone, ed aveva volto di donna, ma petto e parte inferiore del corpo e coda di leone e ali di uccello. Ed avendo appreso un indovinello dalle Muse stava seduta sul monte Ficio e lo proponeva ai Tebani. E l'indovinello era: cos'è che, (pur) avendo una sola voce, diventa quadrupede e bipede e tripede? Ed essendoci per i Tebani un oracolo (secondo cui) allora si sarebbero liberati della Sfinge, quando avessero risolto l'indovinello, radunandosi molte volte insieme cercavano che cosa fosse ciò che veniva detto, ma poiché non trovavano, afferrando uno lo divorava. Ed essendo morti molti, e alla fine Emone, il figlio di Creonte, Creonte promette con un bando di dare sia il regno sia la moglie di Laio a colui che avesse risolto l'indovinello. (Biblioteca, III 52-54, Apollodoro)"
citation_maier_1,int_sphinx_maier,source_atalanta_fugiens,Emblem 39,la,"For Sphinx is a certain kind of monster most obscure to the Thebans, propounding riddles, nor only to them, but as before to the Egyptians, so after all others to those that aspire to art, and watches in the Philosophers books as before the gates of Thebes; if any man can pass by the monster, he suffers no evil by him, but he that through presumption of mind or wit endeavors to resolve his riddles, and cannot perform, acquires his own destruction, that is, grief to the heart, and damage to his affairs by error in this work."
citation_rowling_1,int_sphinx_rowling_harry,source_harry_potter_book_4,Chapter 31,en,"It was a sphinx. It had the body of an over-large lion: great clawed paws and a long yellowish tail ending in a brown tuft. Its head, however, was that of a woman. She turned her long, almond-shaped eyes upon Harry as he approached. He raised his wand, hesitating. She was not crouching as if to spring, but pacing from side to side of the path, blocking his progress. Then she spoke, in a deep, hoarse voice."
citation_rowling_4,int_sphinx_rowling_fantastic,source_fantastic_beasts,Chapter: Ministry of Magic Classifications,en,"The Egyptian sphinx has a human head on a lion’s body. For over a thousand years it has been used by witches and wizards to guard valuables and secret hideaways. Highly intelligent, the sphinx delights in puzzles and riddles. It is usually dangerous only when what it is guarding is threatened."
citation_ende_1,int_sphinx_ende,source_unendliche_geschichte,Chapter 6,de,"And beside this pillar, as Atreyu now saw, an enormous sphinx was sitting motionless in the moonlight. The forepaws, on which she was propped, were those of a lion, the hindquarters were those of a bull; on her back she bore the wings of an eagle, and her face was that of a human woman -- in form at any rate, for the expression was far from human. I was hard to tell whether this face was smiling or whether it expressed deep grief or utter indifference. After looking at it for some time, Atreyu seemed to see abysmal wickedness and cruelty, but a moment later he had to correct his impression, for he found only unruffled calm. [...] Then the right-hand pillar came into Atreyu's view. And there, in the same posture, sat a second sphinx. The enormous body shimmered like liquid silver in the moonlight. She seemed to be staring fixedly at the first, just as the first was gazing fixedly at her."
citation_aldrovandi_1,int_satyr_aldrovandi,source_monstrorum_historia_aldrovandi,Page 23,la,"Satyrs, Tritons, Nymphs, Nereids, and Sirens are also deservedly placed by many in the category of wild men."
citation_plinio_2,int_satyr_pliny,source_naturalis_historia,"Liber VII, paragraph 24",la,"Among the mountainous districts of the eastern parts of India, in what is called the country of the Catharcludi, we find the Satyr, an animal of extraordinary swiftness. These go sometimes on four feet, and sometimes walk erect; they have also the features of a human being. On account of their swiftness, these creatures are never to be caught, except when they are either aged or sickly."
citation_ariosto_1,int_hippogriff_ariosto,source_orlando_furioso,"Canto IV, Paragraph 18",it,"Non è finto il destrier, ma naturale, / ch’una giumenta generò d’un grifo: / simile al padre avea la piuma e l’ale, / li piedi anterïori, il capo e il grifo; / in tutte l’altre membra parea quale / era la madre, e chiamasi ippogrifo; / che nei monti Rifei vengon, ma rari, / molto di lá dagli aghiacciati mari."
citation_bierce_1,int_hippogriff_bierce,source_devil_dictionary,Chapter H,en,"An animal (now extinct) which was half horse and half griffin. The griffin was itself a compound creature, half lion and half eagle. The hippogriff was actually, therefore, a one-quarter eagle, which is two dollars and fifty cents in gold. The study of zoology is full of surprises."
citation_rowling_2,int_hippogriff_rowling_harry,source_harry_potter_book_3,"Chapter ",en,"Trotting toward them were a dozen of the most bizarre creatures Harry had ever seen. They had the bodies, hind legs, and tails of horses, but the front legs, wings, and heads of what seemed to be giant eagles, with cruel, steel-colored beaks and large, brilliantly, orange eyes. The talons on their front legs were half a foot long and deadly looking. Each of the beasts had a thick leather collar around its neck, which was attached to a long chain, and the ends of all of these were held in the vast hands of Hagrid, who came jogging into the paddock behind the creatures."
citation_rowling_5,int_hippogriff_rowling_fantastic,source_fantastic_beasts,Chapter: Ministry of Magic Classifications,en,"The Hippogriff is native to Europe, though now found worldwide. It has the head of a giant eagle and the body of a horse. It can be tamed, though this should be attempted only by experts. Eye contact should be maintained when approaching a Hippogriff. Bowing shows good intentions. If the Hippogriff returns the greeting, it is safe to draw closer.
The Hippogriff burrows for insects but will also eat birds and small mammals. Breeding Hippogriffs build nests upon the ground into which they will lay a single large and fragile egg, which hatches within twenty-four hours. The fledgling Hippogriff should be ready to fly within a week, though it will be a matter of months before it is able to accompany its parent on longer journeys."
citation_bible_1,int_giant_bible,source_bible,Genesi 6:4,hbo,"In quel tempo c'erano sulla terra i giganti, e ci furono anche in seguito, quando i figli di Dio si unirono alle figlie degli uomini, ed ebbero da loro dei figli. Questi sono gli uomini potenti che, fin dai tempi antichi, sono stati famosi."
citation_apollodorus_1,int_giant_apollodorus,source_biblioteca,"Libro 1 ",grc,"But Earth, vexed on account of the Titans, brought forth the giants, whom she had by Sky. These were matchless in the bulk of their bodies and invincible in their might; terrible of aspect did they appear, with long locks drooping from their head and chin, and with the scales of dragons for feet. They were born, as some say, in Phlegrae, but according to others in Pallene. And they darted rocks and burning oaks at the sky."
citation_esiodo_1,int_giant_teogonia,source_teogonia,vv. 179-181,grc,"[...] for all the bloody drops that gushed forth Earth received, and as the seasons moved round she bare the strong Erinyes and the great Giants with gleaming armour, holding long spears in their hands and the Nymphs whom they call Meliae all over the boundless earth. "
citation_ovid_met_4,int_giant_ovidius,source_ovidius_metamorphoses,"I, vv. 151-150",la,"Rendering the heights of heaven no safer than the earth, they say the giants attempted to take the Celestial kingdom, piling mountains up to the distant stars. Then the all-powerful father of the gods hurled his bolt of lightning, fractured Olympus and threw Mount Pelion down from Ossa below. Her sons’ dreadful bodies, buried by that mass, drenched Earth with streams of blood, and they say she warmed it to new life, so that a trace of her children might remain, transforming it into the shape of human beings. But these progeny also despising the gods were savage, violent, and eager for slaughter, so that you might know they were born from blood."
citation_symposium_plato,int_hermaphrodite_plato,source_symposium,189d,grc,"The sexes were not two as they are now, but originally three in number; there was man, woman, and the union of the two, having a name corresponding to this double nature, which had once a real existence, but is now lost, and the word 'Androgynous' is only preserved as a term of reproach. In the second place, the primeval man was round, his back and sides forming a circle; and he had four hands and four feet, one head with two faces, looking opposite ways, 190set on a round neck and precisely alike; also four ears, two privy members, and the remainder to correspond. He could walk upright as men now do, backwards or forwards as he pleased, and he could also roll over and over at a great pace, turning on his four hands and four feet, eight in all, like tumblers going over and over with their legs in the air; this was when he wanted to run fast. Now the sexes were three, and such as I have described them; because the sun, moon, and earth are three; and the man was originally the child of the sun, the woman of the earth, and the man-woman of the moon, which is made up of sun and earth, and they were all round and moved round and round like their parents."
citation_ovid_met_5,int_hermaphrodite_ovidius,source_ovidius_metamorphoses,"IV, vv. 373-379",la,"Now the entwined bodies of the two were joined together, and one form covered both. Just as when someone grafts a twig into the bark, they see both grow joined together, and develop as one, so when they were mated together in a close embrace, they were not two, but a two-fold form, so that they could not be called male or female, and seemed neither or either."
citation_aldrovandi_2,int_hermaphrodite_aldrovandi,source_monstrorum_historia_aldrovandi,Page 39,la,"At the end of this category, we place those distinguished by being composed of both sexes, which includes Androgynes, or Hermaphrodites."
citation_poem_hermaphroditus,int_hermaphrodite_swinburne,source_poem_hermaphroditus,vv. 17-21,en,"Where between sleep and life some brief space is, / With love like gold bound round about the head, / Sex to sweet sex with lips and limbs is wed, / Turning the fruitful feud of hers and his / To the waste wedlock of a sterile kiss."
citation_ctesias,int_unicorn_ctesias,source_indika,,grc,"There are in India certain wild asses which are as large as horses, and larger. Their bodies are white, their heads dark red, and their eyes dark blue. They have a horn on the forehead which is about a foot and a half in length. The dust filed from this horn is administered in a potion as a protection against deadly drugs."
citation_cantimpre_1,int_unicorn_cantimpre,source_liber_de_natura_rerum,,la,"The unicorn is indeed a small animal, as Isidore says, according to the strength of the body. He also has short legs for his size. Its horn is very sharp, so that it cannot be captured by force by any hunter./A virgin girl is taken to the forest and left alone. When the unicorn arrives, putting aside all its ferocity, it respects the chastity of the virgin's body and places its head in the girl's bosom."
citation_isidor_unicorn,int_unicorn_isidor,source_etymologies,Book 12,la," The unicorn [unicornus], because it has a single four-foot horn in the middle of its forehead, so sharp and strong that it tosses in the air or impales whatever it attacks."
citation_aberdeen_4,int_unicorn_aberdeen,source_aberdeen_bestiary,Folio 15r,la,"The monoceros is a monster the body of a horse, the feet of an elephant and a tail very like that of a deer. A magnificent, marvellous horn projects from the middle of its forehead, four feet in length, so sharp that whatever it strikes is easily pierced with the blow. No living monoceros has ever come into man's hands, and while it can be killed, it cannot be captured"
citation_chretien_ogre,int_ogre_chretien,source_percival,,fr,"to all the realms of Logres, which was formerly land of ogres, and destroy them with that lance."
citation_ariosto_2,int_ogre_ariosto,source_orlando_furioso,Canto XVII Paragraph 38,it," l’Orco da noi s’aspetta:, ad ogni suono di sentirlo parci, ch’affamato ritorni a divorarci"
citation_shrek,int_ogre_shrek,source_shrek,,en,"It's the world that seems to have a problem with me. People take one look at me and go, 'Ah! Help! Run! Big, stupid, ugly ogre!' They judge me before they even know me."
citation_sturluson_1,int_troll_prose_edda,source_prose_edda,Paragraph 53,non,"Trolls call me moon of dwelling-Rungnir, giant's wealth-sucker, storm-sun's bale, seeress's friendly companion, guardian of corpse-fiord, swallower of heaven-wheel; what is a troll other than that?"
citation_esiodo_3,int_pegaso_esiodo,source_teogonia,,grc,"And when Perseus cut off her head, there sprang forth great Chrysaor and the horse Pegasus who is so called because he was born near the springs of Ocean"
citation_norske_folkeeventyr,int_troll_norske_folkeeventyr,source_norske_folkeeventyr,,no,"On the way up was a bridge over a burn they had to cross; and under the bridge lived a great ugly Troll, with eyes as big as saucers, and a nose as long as a poker."
citation_ibsen,int_troll_ibsen,source_peer_gynt,Act II,da,"The Old Man: What difference is there 'twixt trolls and men?
Peer: No difference at all, as it seems to me.
Big trolls would roast you and small trolls would claw you;—
With us it were likewise, if only they dared."
citation_cantimpre_2,int_pegaso_cantimpre,source_liber_de_natura_rerum,,la,"The pegasus, as Pliny says, is a large and fearsome animal in Ethiopia. It has the body of a horse, wings like an eagle, but much larger, the head is equipped with horns and it is truly monstrous, such that almost all /  They devour many foods, they are moved by restlessness, they are unsafe for animals, and the most unsafe for humankind."
citation_barbie_pegasus,int_pegaso_barbie,source_barbie,,en,"A measure of courage is not based on what you look like on the outside, but what you are willing to fight for."
citation_tolkien_3,int_elf_tolkien,source_lotr,Libro 1,"en ","The doom of the Elves is to be immortal, to love the beauty of the world, to bring it to full flower with their gifts of delicacy and perfection, to last while it lasts, never leaving it even when slain."
citation_sturluson_2,int_elf_sturluson,source_prose_edda,,is,"There is one place that is called Álfheimr. There live the folk called Light-Elves, but the Dark-Elves live down in the ground, and they are unlike them in appearance, and even more unlike them in nature. Light-Elves are fairer than the sun to look at, but Dark-Elves are blacker than pitch."
citation_moore_elf,int_elf_moore,source_st_Nicholas,,"en ","He was chubby and plump, a right jolly old elf, / And I laughed when I saw him, in spite of myself;"
citation_erodoto_1,int_phoenix_erodoto,source_erodoto_histories,"Book II, paragraph 73",grc,"There is also another sacred bird called the phoenix which I did not myself see except in painting, for in truth he comes to them very rarely, at intervals, as the people of Heliopolis say, of five hundred years; and these say that he comes regularly when his father dies; and if he be like the painting, he is of this size and nature, that is to say, some of his feathers are of gold colour and others red, and in outline and size he is as nearly as possible like an eagle. This bird they say (but I cannot believe the story) contrives as follows:—setting forth from Arabia he conveys his father, they say, to the temple of the Sun (Helios) plastered up in myrrh, and buries him in the temple of the Sun; and he conveys him thus:—he forms first an egg of myrrh as large as he is able to carry, and then he makes trial of carrying it, and when he has made trial sufficiently, then he hollows out the egg and places his father within it and plasters over with other myrrh that part of the egg where he hollowed it out to put his father in, and when his father is laid in it, it proves (they say) to be of the same weight as it was; and after he has plastered it up, he conveys the whole to Egypt to the temple of the Sun. Thus they say that this bird does."
citation_plinio_3,int_phoenix_plinio,source_naturalis_historia,"Book X, paragraph 2",la,"The story is that it is as large as an eagle, and has a gleam of gold round its neck and all the rest of it is purple, but the tail blue picked out with rosecoloured feathers and the throat picked out with tufts, and a feathered crest adorning its head."
citation_claudio_1,int_phoenix_claudio,source_claudio_phoenix,"Book II, vv. 17–22",la,"A mysterious fire flashes from its eye, and a flaming aureole enriches its head. Its crest shines with the sun's own light and shatters the darkness with its calm brilliance. Its legs are of Tyrian purple; swifter than those of the Zephyrs are its wings of flower-like blue dappled with rich gold."
citation_ovid_met_6,int_phoenix_ovidius,source_ovidius_metamorphoses,"XV, vv. 392-402",la,"Unico a riseminarsi e rigenerarsi da sé è un uccello che gli Assiri chiamano fenice. Non di chicchi di grano né di erbe vive la fenice, ma di lacrime d'incenso e di succo d'amomo, e quando ha compiuto cinque secoli di vita, se ne va in cima a una tremula palma e con gli artigli e col suo becco incontaminato si costruisce un nido tra il fogliame. Appena ha steso sul fondo uno strato di cassia e di spighe di nardo delicato, di cannella sminuzzata e di mirra bionda, vi si adagia sopra e chiude la sua esistenza in mezzo ai profumi. Allora, si dice, dal corpo paterno rinasce una piccola fenice, la quale dovrà vivere altrettanti anni."
citation_dante_inferno_2,int_phoenix_dante,source_dante_inferno,"XXIV, vv. 106-111",it,"Così per li gran savi si confessa / che la fenice more e poi rinasce, / quando al cinquecentesimo anno appressa; / erba né biado in sua vita non pasce, / ma sol d’incenso lagrime e d’amomo, / e nardo e mirra son l’ultime fasce."
citation_shakespeare_1,int_phoenix_shakespeare,source_phoenix_and_turtle_shakespeare,vv. 21-24,en,"Here the anthem doth commence: / Love and constancy is dead, / Phoenix and the Turtle fled / In a mutual flame from hence."
citation_rowling_3,int_phoenix_rowling,source_fantastic_beasts,Chapter: Ministry of Magic Classifications,en,"The phoenix is a magnificent, swan-sized, scarlet bird with a long golden tail, beak, and talons. It nests on mountain peaks and is found in Egypt, India, and China. The phoenix lives to an immense age as it can regenerate, bursting into flames when its body begins to fail and rising again from the ashes as a chick. The phoenix is a gentle creature that has never been known to kill and eats only herbs. Like the Diricawl (see page 9), it can disappear and reappear at will. Phoenix song is magical; it is reputed to increase the courage of the pure of heart and to strike fear into the hearts of the impure. Phoenix tears have powerful healing properties."
citation_aberdeen_1,int_phoenix_aberdeen,source_aberdeen_bestiary,Folio 55r,la,"The phoenix is a bird of Arabia, so called either because its colouring is Phoenician purple, or because there is only one of its kind in the whole world. It lives for upwards of five hundred years, and when it observes that it has grown old, it erects a funeral pyre for itself from small branches of aromatic plants, and having turned to face the rays of the sun, beating its wings, it deliberately fans the flames for itself and is consumed in the fire. But on the ninth day after that, the bird rises from its own ashes."
citation_lattanzio_1,int_phoenix_lattanzio,source_ave_phoenice,,la,"In this grove, in these woods, dwells the peerless bird, the Phoenix, peerless, since she lives renewed by her own death. An acolyte worthy of record, she yields obedience and homage to Phoebus : such the duty that parent Nature assigned to her for observance. Soon as saffron Aurora reddens at her rising, soon as she routs the stars with rosy light, thrice and again that bird plunges her body into the kindly waves, thrice and again sips water from the living flood. Soaring she settles on the topmost height of a lofty tree which alone commands the whole of the grove, and, turning towards the fresh rising of Phoebus at his birth, awaits the emergence of his radiant beam. [...] She it is also who marks off the swift hours by day and night in sounds which may not be described, priestess of the grove and aweinspiring ministrant of the woods, the only confidant of thy mysteries, Phoebus. When she has already fulfilled a thousand years of life and long lapse of time has made it burdensome to her, she flees from her sweet and wonted nest in the grove, so that in the closing span she may restore her bygone existence, and when in passion for re-birth she has left her sacred haunts, then she seeks this world where Death holds sovereignty. Despite her length of years she directs her swift flight into Syria, to which she herself of old gave the name of Phoenice, and seeks through desert wilds the care-free groves, here where the sequestered woodland lurks among the glades. Then she chooses a palm-tree towering with airy crest which bears its Greek name Phoenix from the bird : against it no hurtful living creature could steal forth, or slippery serpent, or any bird of prey. [...] Meanwhile her body, by birthgiving death destroyed, is aglow, the very heat producing flame and catching fire from the ethereal light afar : it blazes and when burned dissolves into ashes. These ashes she welds together, as if they were concentrated by moisture in a mass, possessing in the result what takes the place of seed. Therefrom, 'tis said, rises a living creature first of all without limbs, but this worm is said to have a milky colour : when suddenly at the appointed hour it has grown enormously, gathering into what looks like a rounded egg, from it she is remoulded in such shape as she had before, bursting her shell and springing to life a Phoenix ; 'tis even so that larvae in the country fastened by their threads to stones are wont to change into a butterfly."
citation_tasso_1,int_phoenix_tasso,source_mondo_creato,Giornata Quinta,it,"Tra queste piante, e 'n quella selva alberga / Appresso 'l fonte l'unica Fenice, / Che della morte sua rinasce e vive: / Augello eguale alle celesti forme, / che vivace le stelle adegua, e 'l tempo / Consuma, e vince con rifatte membra. / E come sia del Sol gradita ancella, / Ha questo da natura officio, e dono, / Che quand'in cielo ad apparir comincia / Sparsa di rose la novella Aurora, / E dal ciel caccia le minute stelle; / Ella tre volte e quattro in mezzo all'acque / Sommerge 'l corpo, e pur tre volte e quattro / Liba quel dolce umor del vivo gorgo. / Poscia a volo s'innalza, e siede in cima / Dell'arbore frondosa, e quinci intorno / La selva tutta signoreggia e mira : [...] / Ma poi, forniti cento e cento lustri, / Nella vetusta età più grave e tarda, / Ella, che già passare a volo i nembi / Poteva, e le sonore, alte procelle, /  Per rinnovar la stanca vita, e 'l tempo / Chiuso, e ristretto pur da spazi angusti, / Fugge del bosco usato il dolce albergo. /  E di rinascer vaga, i lochi sacri / Addietro lascia, e vola al nostro mondo, / Ov'ha suo regni l'importuna morte. / E già drizza invecchiata 'l lento volo / In quella di Soría famosa parte, / A cui died'ella di Fenice 'l nome. / E di selve deserte ivi ricerca / Per non calcate vie secreta stanza, / E si ricovra nell'oscuro bosco. / Ed allor coglie dell'aereo giogo / Forte palma sublime, a cui pur anco / Comparti di Fenice 'I caro nome, / Cui romper non potria co' feri denti / Serpe squammosa, o pure augel rapace, / Od altra ingiuríosa orrida belva. / E chiusi allor nelle spelonche i venti / Taccion fra' cavernosi orridi chiostri, / Per non turbar co' lor torbidi spirti / Del bell'aer purpureo 'l dolce aspetto. / Nè condensato turbo i vani campi / Del ciel ricopre, ed al felice Augello / Toglie la vista de soavi raggi. / Quinci 'l nido si fa: sia nido, o tomba / Quello, in cui pere, accio rinasca, e viva L'Augel, che di se stesso è padre e figlio, / E se medesmo egli produce e cria. [...] / Sparge poi colla bocca i dolci succhi / Intorno, e sovra alle sue proprie membra. / Ivi l' esequie sue si fa morendo: / E debol già con lusinghieri accenti / Saluta 'l Sole, anzi l'adora, e placa : / E mesce umil preghiera all' umil canto, / Chiedendo i cari incendj, onde risorga / Col nuovo acquisto di perpetua forza. / Fra'vari odori poi l'alma spirante / Raccomanda al sepolcro; e nou paventa / L'ardita fede di si caro pegno. / Parte di vital morte 'l corpo estinto / S'accende, e l'ardor suo fiamme produce, / E del lume lontan concepe 'I foco, / Ond' egli ferve oltra misura, e flagra, / Lieto del suo morir, perchè veloce / Al rinascer di nuovo egli s' affretta. / Splende quasi di stelle ardenti 'l rogo, / E consuma l già lasso e pigro veglio. / La Luna'l corso suo raffrena e tarda, E par che tema in quel mirabil parto / Natura faticosa, e stanca madre, / Che non si perda l'immortale Augello; / Ma di gemina vita in mezz'al foco /  Posto in dubbio confin distingue e parte. / Nelle ceneri aduste alfin converso, / Le sue ceneri accolte egli raduna / In massa condensate, e quasi in vece / È l'occulta virtù d'interno seme. / E quinci prima l'animal ci nasce, / E 'n forma d'ovo si raccoglie 'n giro, / Poi si riforma nel primier sembiante: / E dalle nuove sue squarciate spoglie /Alfin germoglia l'immortal Fenice."
citation_book_of_invation_fairy,int_fairy_celtic,source_book_of_invations,,mga,"Under obscurity,  a people without a covenant of religion; whelps of the wood that has not withered"
citation_chaucer_fairy,int_fairy_chaucer,source_canterbury_tales,"The Wife of Bath's Tale ","en ","All was this land fulfild of fayerye. The elf-queene, with hir joly compaignye, Daunced ful ofte in many a grene mede.”"
citation_perrault_fairy,int_fairy_perrault,source_cinderella_perrault,"Cinderella ",fr,"Well, be but a good girl, and I will contrive, that thou shalt go. Run into the garden, and bring me a pumpkin."
citation_peter_pan_tinkerbell,int_fairy_disney,"source_peter_pan ",,"en ","“Tink was not all bad: or, rather, she was all bad just now, sometimes she was all good. Fairies have to be one thing or the other, because being so small they unfortunately have room for one feeling only at a time."
citation_rowling_6,int_dragon_rowling_fantastic,source_fantastic_beasts,Chapter: Ministry of Magic Classifications,en,"Probably the most famous of all magical beasts, dragons are among the most difficult to hide. The female is generally larger and more aggressive than the male, though neither should be approached by any but highly skilled and trained wizards. Dragon hide, blood, heart, liver, and horn all have highly magical properties, but dragon eggs are defined as Class A Non-Tradeable Goods. There are ten breeds of dragon, though these have been known to interbreed on occasion, producing rare hybrids."
citation_rowling_7,int_dragon_rowling_harry,source_harry_potter_book_4,Chapter 19,en,"Dragons. Four fully grown, enormous, vicious-looking dragons were rearing onto their hind legs inside an enclosure fenced with thick planks of wood, roaring and snorting - torrents of fire were shooting into the dark sky from their open, fanged mouths, fifty feet above the ground on their outstretched necks. There was a silvery-blue one with long, pointed horns, snapping and snarling at the wizards on the ground; a smooth-scaled green one, which was writhing and stamping with all its might; a red one with an odd fringe of fine gold spikes around its face, which was shooting mushroom-shaped fire clouds into the air; and a gigantic black one, more lizardhike than the others, which was nearest to them."
citation_plinio_4,int_dragon_plinio,source_naturalis_historia,"Book VIII, paragraph 11",la,"In Africa nascono elefanti al di là dei deserti delle Sirti ed in Mauritania, ed anche nei territori degli Etiopi e dei Trogloditi, come si è già detto; ma l'India produce gli esemplari più grandi, ed enormi draghi-serpenti che combattono con essi in perpetua discordia, di tali dimensioni anche questi che facilmente riescono ad avvolgere un elefante nelle loro spire e a stringerlo nella stretta del loro nodo. Questo combattimento provoca la morte di entrambi i contendenti, perché l'elefante sconfitto, cadendo, col suo peso schiaccia il drago-serpente che lo tiene avvinto."
citation_beowulf_1,int_dragon_beowulf,source_beowulf,Chapter XXXIII,ang,"Then the ancient dusk-scather / The fire-dragon. Found the great treasure standing all open, / He who flaming and fiery flies to the barrows, /Naked war-dragon, nightly escapeth / Encompassed with fire ; men under heaven / Widely beheld him. 'Tis said that he looks for / The hoard in the earth, where old he is guarding / The heathenish treasure ; he'll be nowise the better."
citation_tolkien_1,int_dragon_tolkien,source_the_hobbit,Chapter 12,en,"There he lay, a vast red-golden dragon, fast asleep; thrumming came from his jaws and nostrils, and wisps of smoke, but his fires were low in slumber. Beneath him, under all his limbs and his huge coiled tail, and about him on all sides stretching away across the unseen floors, lay countless piles of precious things, gold wrought and unwrought, gems and jewels, and silver red-stained in the ruddy light. Smaug lay, with wings folded like an immeasurable bat, turned partly on one side, so that the hobbit could see his underparts and his long pale belly crusted with gems and fragments of gold from his long lying on his costly bed. Behind him where the walls were nearest could dimly be seen coats of mail, helms and axes, swords and spears hanging; and there in rows stood great jars and vessels filled with a wealth that could not be guessed."
citation_martin_1,int_dragon_martin,source_got_2,Chapter 12,en,"Their span was three times their length, each wing a delicate fan of translucent skin, gorgeously colored, stretched taut between long thin bones. When you looked hard, you could see that most of their body was neck, tail, and wing. Such little things, she thought as she fed them by hand, or rather, tried to feed them, for the dragons would not eat. They would hiss and spit at each bloody morsel of horsemeat, steam rising from their nostrils, yet they would not take the food . . . until Dany recalled something Viserys had told her when they were children."
citation_aldrovandi_3,int_mandrake_aldrovandi,source_monstrorum_historia_aldrovandi,Chapter: Ministry of Magic Classifications,la,"Various likenesses observed in roots, branches, and other parts of plants are either represented by Nature consistently within certain species, or they are shaped in only a few individuals and quite rarely. If these likenesses are formed naturally within the herbs themselves as a rule, then these plants are not called monstrous. [...] Furthermore, there is a certain plant among the Greeks called andreikelos, which is similar to a man – the name being formed by syncope and the change of a smooth breathing to a rough one. This plant seems to correspond with the Mandrake, which reflects the basic outlines of the human figure in its root; this is why Columella called the Mandrake half-human, writing: Though the mandrake, sown with frantic grass, produces flowers of the half-human, and the mournful Hemlock. This same plant was called anthropomorphos by Pythagoras, as it reflects the form of a man. We might also pass over other plants representing the human figure, such as certain species of Satyrium orchids, one of which has a flower that beautifully mimics the human shape; for this reason, it is known to the Greeks as anthropozoos, as if the plant bears the image of a living human in its bloom. Likewise, the Palma Christi, another species of Satyrium, produces roots that mimic the human hand, and one may observe the same thing in many other plants, as was explained in detail in the first chapter of this book under the heading of Named Things."
citation_shakespeare_2,int_mandrake_shakespeare,source_romeo_and_juliet,"Act IV, Scene 3",en,"Alack, alack, is it not like that I, / So early waking, what with loathsome smells, / And shrieks like mandrakes torn out of the earth, / That living mortals, hearing them, run mad –"
citation_machiavelli_1,int_mandrake_machiavelli,source_mandragola,"Act II, Scene 6",it,"Voi avete ad intender questo, che non è cosa più certa ad ingravidare una donna che dargli bere una pozione fatta di mandragola. Questa è una cosa esperimentata da me dua paia di volte, e trovata sempre vera; e, se non era questo, la reina di Francia sarebbe sterile, ed infinite altre principesse di quello stato."
citation_plinio_5,int_manticore_plinio,source_naturalis_historia,"Book VIII, paragraph 30",la,"C'è in Etiopia un animale chiamato manticora, il quale ha tre ordini di denti connessi come quelli d'un pettine, faccia e orecchie d'uomo, occhi azzurri, corpo cremisi di leone, e coda terminante in aculeo come di scorpione. Corre con somma rapidità ed è amantissimo della carne umana; la sua voce è come un concerto di flauto e tromba."
citation_flaubert_2,int_manticore_flaubert,source_tentazione_antonio,Chapter 7,fr,"La manticora (gigantesco leone rosso, dal volto umano, con tre filari di denti): / - I marezzi del mio pelame scarlatto si confondono col riverbero delle grandi sabbie. Soffio dalle narici lo spavento delle solitudini. Sputo la peste. Mangio gli eserciti, quando s'avventurano nel deserto. / - Ho le unghie ritorte a succhiello, i denti tagliati a sega; e la mia coda roteante è irta di dardi che lancio a destra, a sinistra, in avanti, in dietro. Guarda! Guarda! / (La manticora lancia le spine della coda, che s'irradiano come frecce in tutte le direzioni. Gocce di sangue piovono schioccando sul fogliame)."
citation_rochester_1,int_manticore_rochester,source_rochester_bestiary,Folio 27r,la,"The manticore is a beast born in India. It has three rows of teeth that intertwine like the teeth of a comb. It has the face of a human, greyish-blue eyes and a blood-red colour. It has a leonine body, and its tail resembles a scorpion's sting. It has a sharp, hissing voice similar to the sound of flutes and bagpipes. It eagerly longs for human flesh. It is so swift and jumps so high that neither the vastest areas nor the most insuperable obstacles can force it to die."
citation_topsell_1,int_manticore_topsell,source_history_of_four_footed_beasts,"Volume 1, Of the Mantichora",en,"This beast or rather Monster is bred among the Indians, having a treble row of teeth beneath and above, whose greatness, roughness, and feet are like a Lyon, his face and ears like unto a mans, his eyes gray, and colour red, his tail like the tail of a Scorpion, of the earth, armed with a sting, casting forth sharp pointed quils; his voyce like the voyce of a small Trmpet or Pipe, being in course as swift as a Hart; his wildeness such as can never be tamed, and his appetite is especially to the flesh of man. His body like the body of a Lyon, being very apt both to leap and to run,  so as no distance or space doth hinder him [...]. "
citation_esiodo_2,int_medusa_esiodo,source_teogonia,Lines 270-281,grc,"A Forci Ceto generò le Graie dalle belle guance, / canute dalla nascita, che chiamano Graie / gli dèi immortali e gli uomini che camminano sulla terra, / Penfredo dal bel peplo e Enio dal peplo di croco, / e le Gorgoni, che abitano al di là dell'illustre Oceano, / al limite verso la Notte, dove sono le Esperidi dalla voce sonora, / Stenno e Euriale e Medusa che soffrì sciagure: / questa era mortale, mentre immortali e eternamente giovani / le altre due; ma accanto a lei sola giacque l'Azzurrochiomato / sul tenero prato e tra i fiori di primavera. / E quando Perseo le tagliò la testa, / saltarono fuori il grande Crisaore e il cavallo Pegaso."
citation_ovid_met_7,int_medusa_ovid,source_ovidius_metamorphoses,"Book IV, lines 769 - 803",la,"Ed ora tu, fortissimo Perseo, / racconta, ti prego, con qual valore e quali stratagemmi / mozzasti quella testa irta di serpenti. / L'erede di Agenore narra come ai piedi del gelido Atlante / si distenda un luogo protetto da un bastione invalicabile, / e come al suo ingresso abitassero due gemelle, / figlie di Forco, che si dividevano l'uso di un occhio solo; / come lui con destrezza glielo carpì, inserendo la propria mano / mentre se lo scambiavano; come attraverso sentieri sperduti / e impervi, attraverso orridi nell'intrico di foreste, / giunse alla casa di Gòrgone, e qua e là in mezzo ai campi, / nei sentieri gli avvenne di vedere figure di uomini e belve / mutati da esseri vivi in granito per aver visto Medusa. / Ma lui aveva scorto, riflessa nel bronzo dello scudo / che reggeva col braccio sinistro, l'orrenda immagine, / e mentre un sonno pesante gravava sui serpenti e su lei stessa, / le spiccò il capo dal collo: quasi fosse linfa materna / dal sangue nacquero Pegaso, l'alato destriero, e suo fratello. / Ed enumera i veri pericoli corsi nel suo lungo viaggio; / quali mari e quali terre abbia intravisto dall'alto, / quali stelle abbia raggiunto col suo battito d'ali. / Ma prima del previsto s'interrompe. Uno dei presenti interviene / allora chiedendo perché solo Medusa / fra le sorelle avesse serpenti in mezzo ai capelli. / E l'ospite risponde: Visto che vuoi sapere cosa che merita / raccontare, eccoti il perché. Di eccezionale bellezza, / Medusa fu desiderata e contesa da molti pretendenti, / e in tutta la sua persona nulla era più splendido dei capelli: / ho conosciuto chi sosteneva d'averla vista. / Si dice che il signore del mare la violasse in un tempio / di Minerva: inorridita la casta figlia di Giove con l'egida / si coprì il volto, ma perché il fatto non restasse impunito / mutò i capelli della Gòrgone in ripugnanti serpenti. / Ancor oggi la dea, per sbigottire e atterrire i nemici, / porta davanti, sul petto, quei rettili che lei stessa ha creato."
citation_apollodorus_3,int_medusa_apollodoro,source_biblioteca,"Book II, Capo IV",la,"Ed ottenuto da Mercurio una falce d’adamante, volò all’ Oceano, ove vide le Gorgoni dormienti. Una d’esse avea nome Steno, Euriala la seconda, la terza Medusa; e questa sola dicesi che fosse mortale. Era essa quella, la cui testa Perseo era stato mandato a prendere. Le teste delle Gorgoni erano tutte piene di squamose serpi attorcigliate; ed aveano in bocca denti grandi quanto quelli de’ cinghiali: poi di bronzo erano le loro mani, ed aveano ali d’oro colle quali volavano: di più chiunque esse guardassero, lo trasmutavano in sasso. Assalitele Perseo così immerse com'erano nel sonno, direttone il braccio suo da Minerva, e tenendo gli occhi fissi nello scudo di bronzo per cui vedea l'immagine della Gorgona, tagliò la testa a Medusa: il che fatto, Pegaso, cavallo alato, balzò fuori all’istante, e nel tempo stesso Criasore padre di Gerione, di cui per opera di Nettuno essa era gravida."
citation_dante_inferno_3,int_medusa_dante,source_dante_inferno,"Canto IX, vv. 52-57",it,"Vegna Medusa: sì ’l farem di smalto, / dicevan tutte riguardando in giuso; / mal non vengiammo in Tesëo l’assalto. / Volgiti ’n dietro e tien lo viso chiuso; / ché se ’l Gorgón si mostra e tu ’l vedessi, / nulla sarebbe di tornar mai suso."
citation_shelley_1,int_medusa_shelley,source_on_the_medusa,,en,"I. / It lieth, gazing on the midnight sky, / Upon the cloudy mountain-peak supine; / Below, far lands are seen tremblingly; / Its horror and its beauty are divine. / Upon its lips and eyelids seems to lie / Loveliness like a shadow, from which shine, / Fiery and lurid, struggling underneath, / The agonies of anguish and of death. / II. / Yet it is less the horror than the grace / Which turns the gazer's spirit into stone, / Whereon the lineaments of that dead face / Are graven, till the characters be grown / Into itself, and thought no more can trace; / 'Tis the melodious hue of beauty thrown / Athwart the darkness and the glare of pain, / Which humanize and harmonize the strain. / III. / And from its head as from one body grow, / As grass out of a watery rock, / Hairs which are vipers, and they curl and flow / And their long tangles in each other lock, / And with unending involutions show / Their mailed radiance, as it were to mock / The torture and the death within, and saw / The solid air with many a ragged jaw. / IV. / And, from a stone beside, a poisonous eft / Peeps idly into those Gorgonian eyes; / Whilst in the air a ghastly bat, bereft / Of sense, has flitted with a mad surprise / Out of the cave this hideous light had cleft, / And he comes hastening like a moth that hies / After a taper; and the midnight sky / Flares, a light more dread than obscurity. / V. / 'Tis the tempestuous loveliness of terror; / For from the serpents gleams a brazen glare / Kindled by that inextricable error, / Which makes a thrilling vapour of the air / Become a and ever-shifting mirror / Of all the beauty and the terror there-- / A woman's countenance, with serpent-locks, / Gazing in death on Heaven from those wet rocks."
citation_dante_inferno_4,int_lion_dante,source_dante_inferno,"Canto I, vv. 37-48",it,"Temp’era dal principio del mattino, / e ’l sol montava ’n sù con quelle stelle / ch’eran con lui quando l’amor divino / mosse di prima quelle cose belle; / sì ch’a bene sperar m’era cagione /di quella fiera a la gaetta pelle / l’ora del tempo e la dolce stagione; / ma non sì che paura non mi desse / la vista che m’apparve d’un leone. / Questi parea che contra me venisse / con la test’alta e con rabbiosa fame, / sì che parea che l’aere ne tremesse."
citation_aberdeen_2,int_lion_aberdeen,source_aberdeen_bestiary,Folio 7v-8r,la,"The name lion, leo, of Greek origin, is altered in Latin. For in Greek it is leon; it is not a genuine word, because it is in part corrupted. For the Greek word for lion is translated 'king' in Latin, because the lion is the king of all the beasts. There are said to be three kinds. Of these, the ones which are short in stature, with curly manes, are peaceable; the tall ones, with straight hair, are fierce. Their brow and tail show their mettle; their courage is in their breast, their resolution in their head. They fear the rumbling sound of wheels, but are even more frightened by fire. The lion takes pride in the strength of its nature; it does not know how to join in the ferocity of other kinds of wild beasts, but like a king disdains the company of large numbers. Of the three main characteristics of the lion. Those who study nature say that the lion has three main characteristics. The first is that it loves to roam amid mountain peaks. If it happens that the lion is pursued by hunters, it picks up their scent and obliterates the traces behind it with its tail. As a result, they cannot track it. Thus our Saviour, a spiritual lion, of the tribe of Judah, the root of Jesse, the son of David, concealed the traces of his love in heaven until, sent by his father, he descended into the womb of the Virgin Mary and redeemed mankind, which was lost. Not knowing of his divine nature, the Devil, the enemy of mankind, dared to tempt him like an ordinary man. Even the angels on high did not know of his divinity and said to those who were with him when he ascended to his father: 'Who is this king of glory?' The second characteristic of the lion is that when it sleeps, it seems to have its eyes open. Thus our Lord, falling asleep in death, physically, on the cross, was buried, yet his divine nature remained awake; as it says in the Song of Songs: 'I sleep but my heart waketh' (5:2); and in the psalm: 'Behold, he that keepeth Israel shall neither slumber nor sleep' (121: 4). The third characteristic of the lion is that when a lioness gives birth to her cubs, she produces them dead and watches over them for three days, until their father comes on the third day and breathes into their faces and restores them to life. Thus the Almighty Father awakened our Lord Jesus Christ from the dead on the third day; as Jacob says: 'He will fall asleep as a lion, and as a lion's whelp he will be revived' (see Genesis, 49:9). Where men are concerned, it is the nature of lions not to grow angry unless they are harmed. An example which thoughtful men should heed; for men grow angry even when they have not been harmed, and they oppress the innocent, although Christian law bids them set even the guilty free. The compassion of lions is apparent from endless examples. They spare those whom they have brought down. They allow captives whom they encounter to return home. They vent their rage on men rather than women. They do not kill children except in time of great hunger. Equally, lions refrain from over-feeding. First, because they drink and feed on alternate days; and often, if their food remains undigested, they postpone the Next feed. Then, because they feel uncomfortable when they have devoured more meat than they should, they insert their paws in their mouth and pull the food out, of their own accord. And when they have to take flight, they do exactly the same thing if they are full. Missing teeth show that a lion is old. Lions mate face to face; and not only lions, but lynxes, and camels, and elephants, and rhinoceroses, and tigers."
citation_maier_2,int_lion_maier,source_atalanta_fugiens,Emblem 37,la,"The Lion green, white fume, and stinking juice, Are all that to our Process do conduce: Water the mother is of the Elements, And the sole matter of the Sophic Ens. This Lion is the Hermetic Stone and Brass, And the white fume a watery nature has."
citation_apollodorus_4,int_lion_apollodorus,source_biblioteca,"Book II, Chapter 5",la,"Come primo compito gli fu imposto di riportare la pelle del Leone Nemeo, una belva invulnerabile, nata da Tifone. E dunque Eracle partì per affrontare il leone e giunse a Cleone, dove fu ospitato da un bracciante, Molorco. Questi stava per offrire in quel giorno una vittima in sacrificio, ma Eracle gli disse di aspettare trenta giorni: se fosse tornato sano e salvo dalla caccia, avrebbe sacrificato a Zeus Salvatore, e se invece fosse morto, Molorco avrebbe dovuto offrire il sacrificio a Eracle stesso, come eroe. Arrivato a Nemea, Eracle seguì le tracce del leone e cominciò a colpirlo con le sue frecce; ma capì subito che era invulnerabile: così si mise in spalla la clava, e gli andò dietro. Il leone si rifugiò in una grotta con due ingressi: Eracle ne chiuse uno ed entrò dall'altro, si avvicinò alla bestia, la prese al collo e la immobilizzò, e le strinse la gola fino a che morì soffocata - poi si mise il leone in spalla e tornò a Cleone. Qui incontrò Molorco che ormai, essendo l'ultimo giorno, stava per compiere il sacrificio in onore di Eracle morto: così, insieme a lui, sacrificò invece a Zeus Salvatore, e poi portò il leone a Micene. Euristeo, atterrito dalla forza dell'eroe, gli vietò per il futuro l'ingresso in città: i risultati delle sue imprese avrebbero dovuto essere esposti davanti alle porte."
citation_dante_paradiso_1,int_eagle_dante,source_dante_paradiso,"XIX, vv. 1-12",it,"Parea dinanzi a me con l’ali aperte / la bella image che nel dolce frui / liete facevan l’anime conserte; / parea ciascuna rubinetto in cui / raggio di sole ardesse sì acceso, / che ne’ miei occhi rifrangesse lui. / E quel che mi convien ritrar testeso, / non portò voce mai, né scrisse incostro, / né fu per fantasia già mai compreso; / ch’io vidi e anche udi’ parlar lo rostro, / e sonar ne la voce e «io» e «mio», / quand’ era nel concetto e ’noi’ e ’nostro’."
citation_ovid_met_8,int_eagle_ovid,source_ovidius_metamorphoses,"Book X, vv. 155-161",la,"Ci fu una volta che il re degli dèi s'infiammò d'amore per il frigio Ganimède, ed ebbe l'idea di trasformarsi in una cosa che, una volta tanto, gli parve più bella che essere Giove: un uccello. Ma, fra tutti gli uccelli, non si degnò di trasformarsi che in quello capace di portare i fulmini, le armi sue. Detto fatto: battendo l'aria con false penne, rapì il giovinetto della stirpe di Ilo, che tuttora gli riempie i calici e gli serve il nèttare, con rabbia di Giunone."
citation_aberdeen_3,int_eagle_aberdeen,source_aberdeen_bestiary,Folio 61r,la,"The eagle is so called because of the sharpness of its eyes, for it is said to be of such keen vision that it glides above the sea on unmoving wings, out of human sight, yet from such a height sees small fish swimmming below and, swooping down like a missile thrown from a siege engine, it seizes its prey on the wing and carries it to land. When the eagle grows old, however, its wings grow heavy, and its eyes grow dim. Then it seeks out a spring and, turning away from it, flies up into the atmosphere of the sun; there it sets its wings alight and, likewise, burns off the dimness in its eyes in the sun's rays. Descending at length, it immerses itself in the spring three times; immediately it is restored to the full strength of its wings, the former brightness of its eyes."
citation_ovid_met_9,int_snake_ovid,source_ovidius_metamorphoses,"Book IV, vv. 563-603",la,"Cadmo figlio di Agenore non sa che la figlia e il nipotino sono diventati divinità marine. Vinto dal dolore, da quella serie di sciagure e dai tanti prodigi che ha visto, il fondatore di Tebe parte dalla sua città, come se la maledizione gravasse sul luogo invece che su di lui. Dopo aver errato a lungo, in fuga con la moglie giunge nella regione degli Illiri. E mentre, oppressi ormai dalle sventure e dagli anni, conversano rievocando gli eventi del casato e rivangano i loro guai, Cadmo osserva: Forse era un serpente sacro quello che, al tempo in cui lasciammo Sidone, io trafissi con la lancia, spargendone al suolo, come assurda semente, i denti velenosi. Se è volontà degli dei vendicarlo con ira così spietata, possa io strisciare lungo il ventre come un serpente. Disse, e come un serpente si distese lungo il ventre, sentendo che sulla pelle indurita gli spuntano squame, che il corpo si fa nero e si chiazza di macchie azzurre. Caduto prono sul petto, le gambe si fondono insieme e a poco a poco si assottigliano in una punta affilata. Non gli restano che le braccia, e le braccia, finché gli restano, tende, con le lacrime che gli scorrono sul viso ancora umano: Accòstati, moglie mia, dice, accòstati, moglie mia infelice, e finché qualcosa di me sopravvive, toccami, prendimi la mano, finché è tale, finché il serpente tutto non mi pervade!. Vorrebbe, sì, dire di più, ma la lingua si scinde a un tratto in due, le parole che ha in animo di dire si spengono e ogni volta che cerca di emettere un lamento, sibila: questa è l'unica voce che natura gli lascia. Colpendosi con le mani il petto ignudo, la moglie grida: Cadmo, no, no! spògliati, sventurato, di questa forma mostruosa! Cadmo, che accade? dove sono i piedi? e le spalle, le mani, il tuo colore e, mentre parlo, il viso e ciò che resta? Perché mai, dei del cielo, non mutate anche me in un serpente uguale?. Così protesta, e lui lambisce il volto della moglie, s'insinua in quel suo seno adorato, come se lo riconoscesse, e avvolgendola in un abbraccio, cerca il collo che gli è familiare. Tutti i presenti, i loro compagni, guardano atterriti; ma lei accarezza il collo viscido di quel serpente crestato e di colpo sono in due a strisciare intrecciando le spire, finché non si nascondono nel folto di un bosco vicino. Ancor oggi non fuggono l'uomo o l'aggrediscono per ferirlo: serpenti innocui, che non possono scordare chi furono un tempo."
citation_ovid_met_10,int_snake_ovid_2,source_ovidius_metamorphoses,"Book II, vv. 28-92",la,"C'era una foresta antica, inviolata dalla scure, e in mezzo, tra un intrico di rami e virgulti, una spelonca, dove, sotto una bassa volta sorretta da un ammasso di pietre, sgorgava abbondante l'acqua. Qui stava rintanato un serpente generato da Marte e screziato di squame d'oro: saettano fuoco gli occhi, gonfio tutto di veleno è il suo corpo, e in mezzo a tre file di denti guizzano tre lingue. In questo bosco per sventura s'inoltrò la gente venuta da Tiro. L'anfora calata nell'acqua fece un tonfo, ed ecco che livido il serpente dal fondo dell'antro trae fuori il capo vomitando sibili orrendi. Sfuggono le anfore dalle mani, esangue si fa il corpo e un tremito improvviso pervade le membra irrigidite. Con rapide volute il mostro avvolge in spire le sue squame e con un guizzo si tende in archi immensi; ergendosi con oltre metà del suo corpo nel vuoto dell'aria, domina tutto il bosco: tanto è grande, se tu lo vedessi intero, quanto il Serpente che separa le due Orse. Poi di colpo s'avventa sui Fenici, o che s'apprestino a combattere, a fuggire o che il terrore impedisca loro entrambe le azioni: e questi li uccide coi morsi, quelli tendendo le spire, altri infine infettandoli col miasma mortale del suo veleno. Già il sole altissimo aveva ridotto le ombre a un filo: stupito del ritardo dei compagni, il figlio di Agenore allora si mise a cercarli. Addosso portava la pelle strappata a un leone, per armi un'asta smagliante di ferro, un dardo e, più efficace di qualsiasi arma, il suo coraggio. Come penetrò nel bosco e vide i cadaveri e su questi lo smisurato avversario che vittorioso leccava le macabre ferite con la lingua lorda di sangue: O vendicherò la vostra morte, fedelissimi miei, esclamò, o vi sarò compagno. Disse, e con la destra sollevò un macigno e grande quant'era con gran furia lo scagliò. Quell'urto avrebbe raso al suolo anche le mura più massicce con le sue torri svettanti: incolume rimase il serpente; le squame compatte della sua pelle nera, che lo proteggevano come una corazza, respinsero quel colpo spaventoso. Ma la sua corazza non valse contro il dardo, che si conficcò in mezzo alla spina dorsale, dove questa flettendosi s'inarca, e penetrò con tutto il ferro nelle viscere. Pazzo di dolore il serpente torse il capo verso il dorso e scorta la ferita, addentò l'asta che vi era confitta e, dopo averla scossa con violenza da ogni parte, alla fine la divelse, ma il ferro gli rimase nelle ossa. Allora che al suo furore abituale si aggiunse nuovo sprone, un flusso di sangue gli gonfiò la gola, una bava biancastra gli spumeggiò intorno alle fauci letali; graffiata dalle sue squame la terra stridette e l'alito nero che gli usciva dalla bocca infernale ammorbò di fetore l'aria. Ora si raggomitola in spire che descrivono archi immensi, mentre a volte s'inerpica più dritto di un alto fusto, ora con impeto immane, come un fiume ingrossato dalle piogge, si lancia e col petto abbatte ogni ostacolo che nella selva incontra. Il figlio di Agenore arretra un po' e nelle spoglie del leone sostiene l'assalto, con la lancia protesa tiene a bada la bocca che lo incalza. Quello infuria, a vuoto avventa morsi contro il duro ferro e ficca i suoi denti nella punta. Dal suo palato gonfio di veleno ormai il sangue cominciava a stillare, schizzando di macchie il verde dell'erba. Ma era ferita leggera, perché il mostro sfuggiva ai colpi piegando indietro il collo offeso e arretrando impediva all'arma di piantarsi e di penetrare più a fondo; finché il figlio di Agenore, puntandogli l'asta contro la gola, non lo incalzò da presso e, quando alle sue spalle nel ritrarsi si parò una quercia, insieme trafisse collo e tronco."
citation_dante_inferno_5,int_snake_dante,source_dante_inferno,"XXV, vv. 79-93",it,"Come 'l ramarro sotto la gran fersa / dei dì canicular, cangiando sepe, / folgore par se la via attraversa, / sì pareva, venendo verso l’epe / de li altri due, un serpentello acceso, / livido e nero come gran di pepe; / e quella parte onde prima è preso / nostro alimento, a l’un di lor trafisse; / poi cadde giuso innanzi lui disteso. / Lo trafitto ’l mirò, ma nulla disse; / anzi, co’ piè fermati, sbadigliava / pur come sonno o febbre l’assalisse. / Elli ’l serpente e quei lui riguardava; / l’un per la piaga e l’altro per la bocca / fummavan forte, e ’l fummo si scontrava."
ciation_tolkien_2,int_troll_tolkien,source_lotr,Appendix F,en,"Trolls they were, but filled with the evil will of their master: a fell race, strong, agile, fierce and cunning, but harder than stone. Unlike the older race of the Twilight they could endure the Sun, so long as the will of Sauron held sway over them. They spoke little, and the only tongue that they knew was the Black Speech of Barad-dûr."
citation_aberdeen_3,int_snake_aberdeen,source_aberdeen_bestiary,Folio 71r-72r,la,"The snake has three characteristics. The first of these is that when it grows old, its eyes grow dim; if it wants to regain its youth, it fasts for many days until its skin grows loose; then it seeks out a narrow crack in a rock, enters it, and scrapes through, sloughing off its old skin. Let us, too, through much affliction and abstinence in Christ's name, slough off our former self and garb, and seek Christ, the spiritual rock, and the narrow crack, that is 'the strait gate' (Matthew, 7:13). The snake's second characteristic is this: when it comes to a river to drink water, it does not bring its venom with it, but discharges it into a pit. When we come together in church, drinking in the living, eternal water, to hear God's heavenly word, we too should get rid of our venom, that is, earthly and evil desires. The snake's third characteristic is this: if it sees a naked man, it fears him; if it sees him clothed, it attacks him. In the same way, we are to understand in spiritual terms, that for as long as Adam, the first man, was naked in Paradise, the serpent was unable to attack him; but after he was clothed, that is, in mortal flesh, then the serpent assaulted him. If you are clad in mortal clothes, that is, in your former self, and if you have grown old in evil days, the serpent attacks you. If, however, you divest yourself of the robes of princes and of the power of the darkness of this world, then the serpent, that is, the Devil, cannot attack you. The snake, at the onset of blindness, wards it off by eating fennel. Thus, when it feels its eyes growing dim, it has recourse to remedies it knows, knowing that it can rely on their effect. The tortoise, when it feeds on the snake's entrails and becomes aware of the venom spreading through its own body, cures itself with oregano. If a snake tastes the spittle of a fasting man, it dies. Pliny says:It is believed that if the head of a snake escapes, even if only two fingers' length of the body is attached, it continues to live. For this reason it places its whole body in the way to protect its head against its assailants. All snakes suffer from poor sight; they can rarely see what is in front of them. This is not without reason, since their eyes are not at the front but in the temples of the head, so that they hear better than they see. No creature moves its tongue as swiftly as the snake, to such an extent that it seems to have a triple tongue, when in fact there is only one. The bodies of snakes are moist, so that wherever they go, they mark their path with moisture. The tracks of snakes are such that, since they seem to lack feet, they crawl using their flanks and the pressure of their scales, which are laid out in the same pattern from the throat to the lowest part of the belly. For they support themselves on their scales as if on claws, and on their flanks as if on legs. As a result, if a snake is struck on any part of the body, from the belly to the head, it is disabled and cannot get away quickly, because where the blow falls, it dislocates the spine, through which the foot-like movement of the flanks and the motion of the body are activated. Snakes are said to live for a long time, to such an extent that it also claimed that when they shed their old skins, they shed their old age and regain their youth. The snake's skin is called exuvie, because they shed it, exuere, when they grow old. We refer to clothing as both exuvie and induvie because it is both taken off, exuere, and put on, induere. Pythagoras says that the snake is created from the marrow of dead men, which is to be found in the spine. Ovid has the same point in mind in the Metamorphoses, when he says: 'There are those who believe that when the spine has rotted in the grave, the human marrow changes into a snake'. This, if it can be believed, has a certain justice, for as the snake brings about the death of man, so it is created by the death of man"
citation_ovid_met_11,int_bull_ovid,source_ovidius_metamorphoses,"Book II, vv. 843-568",la,"Così dice. E già i buoi scacciati dal monte si dirigono, come ha ordinato, verso la spiaggia, dove la figlia del grande re è solita giocare col suo seguito di fanciulle di Tiro. Maestà ed amore non vanno molto d'accordo, non possono convivere. Perciò, lasciato lo scettro solenne, il padre e signore degli dèi, colui che ha la destra armata di fulmini a tre punte, che con un cenno fa tremare il mondo, assume l'aspetto di un toro e mescolatosi alle giovenche mugge e gironzola, bello, sul terreno prato. Il colore è proprio quello della neve non calcata dalla pianta di duro piede, non sciolta dall'Austro piovoso. Il collo è rigonfio di muscoli, dalle scapole pende la giogaia. Le corna, è vero, sono piccolette, ma così ben fatte che potresti sostenere che son fabbricate a mano, e sono più diafane di una gemma pura. Niente di minaccioso nella fronte, e lo sguardo non mette paura. Un muso tutto pace."
